"date","year","doy","zona","LAI","P30","P60","T2m_C","GDA","SM_sup","SM_root","Rad7","Rad30","LAI_max_zy","LAI_norm","LAI_hayedo","LAI_hayedo_norm","LAI_hayedo_anom","GDA2","LAI_norm_clim_A","LAI_norm_res_A","LAI_clim_A","LAI_res_A"
2018-04-19,2018,108,"hayedo_cercano",1.34678311010843,NA,NA,16.8147170292757,93.515880032106,0.357319735880918,0.369543895781415,17.9843454528302,NA,3.74972008230288,0.359168972762711,1.3647074027881,0.335333739324066,-0.104791742808515,8745.21981817924,NA,NA,NA,NA
2018-04-24,2018,113,"hayedo_cercano",1.86923511705935,NA,NA,16.5087249387985,147.01973611124,0.358709497271844,0.358228383574096,22.6735537915544,NA,3.74972008230288,0.498499908268182,1.94344864184675,0.477541119014464,-0.0413110264739248,21614.8028062185,NA,NA,NA,NA
2018-06-03,2018,153,"hayedo_cercano",3.43084432554393,142.259942383889,335.562072612116,16.5692172924178,417.385116584347,0.408331071305825,0.408040185644442,15.8916442659479,521.507378465409,3.74972008230288,0.914960117086098,4.05879508695672,0.997320693709669,0.0471867131046513,174210.335546129,0.957365132719594,-0.0424050156334959,3.58985126425522,-0.159006938711287
2018-06-23,2018,173,"hayedo_cercano",3.74972008230288,187.777250368341,272.446584728035,16.6167284471684,617.478712688904,0.322930675882463,0.334519063401772,20.6393058167116,507.357901044025,3.74972008230288,1,4.06969905724053,1,0.0210476797544259,381279.960623946,0.913870339257198,0.0861296607428019,3.42675796373366,0.322962118569218
2018-07-08,2018,188,"hayedo_cercano",3.59565643786163,145.100023326316,311.928066363603,19.9408178693344,827.104015189599,0.373413261877416,0.376322040517875,20.4672349541779,596.528238125786,3.74972008230288,0.958913294576744,3.8213018175825,0.938964224095121,-0.000365763608699998,684101.051942756,0.890466594136994,0.0684467004397501,3.33900047065533,0.2566559672063
2018-07-13,2018,193,"hayedo_cercano",3.18156125081781,108.249529614514,309.213565933099,19.3879198542181,897.273141848169,0.380269134569468,0.374812919388777,22.8811682596586,636.828081427673,3.74972008230288,0.848479668078015,3.49326133530441,0.858358636884816,-0.0616160753197095,805099.091082084,0.878647380930542,-0.0301677128525271,3.29468172953808,-0.113120478720267
2018-07-23,2018,203,"hayedo_cercano",3.11111405002692,151.274963596787,339.052213965128,20.1881881074086,1033.89893536518,0.37288008196049,0.380667129652555,19.7427851662174,631.089083679245,3.74972008230288,0.829692345492692,3.37517513997751,0.829342684190032,-0.0486471916287321,1068947.00854925,0.855542828363881,-0.0258504828711896,3.20804612478625,-0.0969320747593261
2018-08-02,2018,213,"hayedo_cercano",3.04492128490976,108.498522767936,249.961217784506,21.6150812336984,1183.3021305884,0.317928564123638,0.32587616648564,18.114983230009,593.484373037736,3.74972008230288,0.812039623778992,3.31874949515125,0.815477864203928,-0.0209436219749821,1400203.93225504,0.797218416931566,0.0148212068474266,2.98934590795,0.0555753769597604
2018-08-12,2018,223,"hayedo_cercano",2.96504118256459,128.443882321176,236.69341193569,20.6038759843359,1336.73440294166,0.37686602874372,0.373433652913795,19.7044628221024,598.578950308176,3.74972008230288,0.790736673000835,3.24061933100901,0.796279844143148,-0.00223786128253733,1786858.8640078,0.77781158327655,0.0129250897242843,2.91657571405988,0.0484654685047157
2018-08-22,2018,233,"hayedo_cercano",2.82139440631517,94.6403320050846,245.915295601872,20.6083416472941,1460.81665854304,0.323428973711761,0.335483552025049,19.328071933513,590.69118263522,3.74972008230288,0.752428006461329,3.09799129540425,0.761233509365395,-0.00324722184838044,2133985.30987687,0.734878660109171,0.0175493463521585,2.75558926986719,0.0658051364479775
2018-08-27,2018,238,"hayedo_cercano",2.7080726711864,91.8101892232146,242.139955843256,19.5110072393837,1523.79648448057,0.305487920653145,0.314801644979033,19.7916068814016,593.971691918239,3.74972008230288,0.722206621226842,2.99899024166161,0.736907127401967,-0.0112745112425878,2321955.72611534,0.725354284430949,-0.00314766320410687,2.71987552711516,-0.0118028559287655
2018-09-01,2018,243,"hayedo_cercano",2.71744967255433,97.6994804710576,206.198003238994,17.4120892122857,1589.45294047822,0.305541428380043,0.307775641387364,19.8897243728661,590.285416106918,3.74972008230288,0.724707341590528,2.98561197137963,0.733619840038992,0.00185643950876757,2526360.64999485,0.678878168413734,0.0458291731767938,2.54560310153797,0.17184657101636
2018-09-11,2018,253,"hayedo_cercano",2.5063614342629,52.9137441295952,181.357626450771,19.5817593172661,1714.8450847074,0.332176754309696,0.330330355362322,15.253750950584,536.35514145283,3.74972008230288,0.668412942633208,2.76338771386064,0.6790152478091,-0.0176368641460973,2940693.66454512,0.596803789037393,0.071609153595816,2.23784715294796,0.268514281314943
2018-09-26,2018,268,"hayedo_cercano",2.30533936458487,44.898759254331,136.708948477546,17.4473760536882,1911.14072811599,0.267658781455498,0.272478246588877,16.6677964778751,514.556534917453,3.74972008230288,0.614803055690773,2.45299408880175,0.602745818376313,-0.0299740703212316,3652458.88266371,0.538064190760965,0.0767388649298081,2.01759010166444,0.28774926292043
2018-10-16,2018,288,"hayedo_cercano",1.97452362789091,73.3337415975873,116.18819239419,13.5262627375701,2102.09424162331,0.370676190598206,0.372921489319711,11.0881321302785,437.36931511191,3.74972008230288,0.526578940441406,2.20740886145128,0.542401005677314,0.0187042884935092,4418800.20066589,0.403554991528405,0.123023948913001,1.51321825604763,0.461305371843282
2018-10-21,2018,293,"hayedo_cercano",1.79442500223039,74.7500333909344,121.521094564183,15.5947924743909,2148.68054915295,0.357851300349525,0.355668647234295,9.45283370979335,392.838704872916,3.74972008230288,0.478549055087961,1.9629957207651,0.482344196255167,-0.011299501389174,4616828.10230821,0.384345317586432,0.0942037375015286,1.44118735589292,0.35323764633747
2019-04-29,2019,118,"hayedo_cercano",1.9704607594598,NA,NA,10.5606155139596,122.354707070917,0.355307766976346,0.362469882085388,17.6310673135669,NA,4.56500643610816,0.431644683756391,2.08068214229817,0.430607222976634,-0.163782580138942,14970.6743424099,NA,NA,NA,NA
2019-05-14,2019,133,"hayedo_cercano",3.82041104822477,79.2164070590295,NA,12.5762443406527,209.301629305187,0.316105098844324,0.325505190675364,21.5147694573226,579.911311371069,4.56500643610816,0.836890615970701,4.08609681518911,0.84563747947528,0.0547835566763841,43807.1720298058,NA,NA,NA,NA
2019-06-08,2019,158,"hayedo_cercano",4.56500643610816,125.787807012474,212.015755645404,12.6314681814902,401.078054744794,0.371703673708614,0.371765248680515,22.8515336136568,626.226472050314,4.56500643610816,1,4.71176049599498,0.975121601356377,0.00630845011133496,160863.605997868,0.981204019634338,0.0187959803656621,4.47920266476595,0.08580377134221
2019-06-18,2019,168,"hayedo_cercano",4.36524474181738,83.4035103848985,198.141200995485,21.1711993931225,489.868913187473,0.325773768954807,0.339174927905421,24.1967175274034,638.982424886792,4.56500643610816,0.956240654402871,4.55349020007182,0.942366798870359,-0.0400729429679079,239971.552107475,0.93321355787282,0.023027096530051,4.26012589795282,0.105118843864567
2019-06-28,2019,178,"hayedo_cercano",4.20928862625204,85.1165319625222,198.665882135999,21.583988296061,638.909696835694,0.282834210985612,0.304947211807379,26.092605737646,694.32670391195,4.56500643610816,0.922077259948096,4.46429481267128,0.923907382465483,-0.0459812814103323,408205.600710678,0.912571385518036,0.0095058744300599,4.16589424829798,0.0433943779540593
2019-08-07,2019,218,"hayedo_cercano",3.33516269478807,90.4632418769249,175.7451322976,20.2114671175335,1204.24414085772,0.3555648671756,0.334220368907137,18.8761522722372,632.648635767296,4.56500643610816,0.730593207581853,3.24559641077322,0.671691859575594,-0.145234027074826,1450203.95079016,0.726510022831158,0.00408318475069558,3.31652293012132,0.018639764666744
2019-08-17,2019,228,"hayedo_cercano",3.46602364977396,86.7594306660784,170.733701072548,20.7290645039557,1337.81848946738,0.294518504752553,0.304594109893095,21.0546094249775,601.534942,4.56500643610816,0.759259312836561,3.73673791696324,0.773335967423539,-0.00778987215106108,1789758.31076077,0.702262020441436,0.0569972923951254,3.20583064314948,0.260193006624486
2019-08-22,2019,233,"hayedo_cercano",3.26649597466792,100.5549701793,161.660342706774,17.0320208511513,1396.01628585112,0.322222475735646,0.316820050185581,20.2325772614555,575.509628150943,4.56500643610816,0.715551230953516,3.50824530578931,0.726048317489843,-0.0384324137239326,1948861.47036155,0.662019750876137,0.0535314800773788,3.02212442358029,0.24437155108763
2019-09-26,2019,268,"hayedo_cercano",2.54130032721102,36.0759980335457,114.186208913392,16.5980354828905,1833.78221853005,0.284050965459092,0.262647763738092,13.4163762682502,494.805218972091,4.56500643610816,0.556691510248465,2.77875732870441,0.575077255826183,-0.0576426328713612,3362757.22499698,0.542518375173872,0.0141731350745934,2.47659987437567,0.0647004528353494
2019-10-11,2019,283,"hayedo_cercano",2.27509952819909,30.6242539011543,77.1491778194425,17.5451928808505,1990.51149836607,0.261511538763466,0.249816888533298,12.7028904868283,420.839798173128,4.56500643610816,0.498378164421318,2.47636522187933,0.512495748193221,-0.0404678556340795,3962136.02512752,0.45225566496418,0.0461224994571384,2.06455002132786,0.210549506871232
2019-10-26,2019,298,"hayedo_cercano",1.97548686299197,145.25836635609,181.334364389636,13.7747783444963,2117.17606929244,0.380998699420153,0.386855529789155,8.23442655705301,334.640265119276,4.56500643610816,0.432745690644885,2.22011279734617,0.45946307075246,-0.00367100886770882,4482434.50838457,0.52042973092944,-0.0876840402845555,2.37576507123493,-0.400278208242963
2020-05-18,2020,138,"hayedo_cercano",3.75089198621224,135.766863739126,NA,12.3246523603204,368.821347633699,0.371627455737356,0.381609986163285,15.6918223629829,496.367973924528,3.79325422198672,0.988832218117906,3.91888888638914,0.970572468793484,0.127613511402101,136029.186470338,NA,NA,NA,NA
2020-05-28,2020,148,"hayedo_cercano",3.79325422198672,83.6653482726214,NA,20.1187925942539,476.41417614839,0.295818172910678,0.311202686537737,24.1773728751123,612.509545490566,3.79325422198672,1,4.0377086847113,1,0.0770801517682959,226970.467235149,NA,NA,NA,NA
2020-06-22,2020,173,"hayedo_cercano",3.42138010473341,105.78207876497,224.742378011372,16.7284594985674,713.370634430061,0.334570462848655,0.347844963053737,23.1291201617251,634.893113295597,3.79325422198672,0.90196435685807,3.63764892936418,0.900919113639392,-0.0780332066061823,508897.662067148,0.894771367243765,0.00719298961430492,3.39409526651024,0.0272848382231685
2020-06-27,2020,178,"hayedo_cercano",3.63597418180602,121.0636815332,204.729029805821,19.0864870387304,789.915843379024,0.363233524298518,0.351820932244355,24.5113053998203,616.045899408805,3.79325422198672,0.958536910268482,3.75542770625005,0.930088820045363,-0.0397998438304529,623967.039621195,0.868044892839187,0.0904920174292945,3.29271495463625,0.343259227169767
2020-07-22,2020,203,"hayedo_cercano",3.30043264214121,39.3314060676023,145.113484832572,21.1487905258403,1090.31971668268,0.23534819764911,0.248016361920339,23.5546993198562,661.602286949685,3.79325422198672,0.870079475035186,3.12483571435265,0.773913117155969,-0.104076758662796,1188797.08458699,0.811692620296991,0.0583868547381955,3.07895645889702,0.221476183244185
2020-07-27,2020,208,"hayedo_cercano",2.91474578564995,23.1246206500101,144.18830218321,21.9404144910896,1162.02282992269,0.197196486611036,0.223273092845701,24.7908439398023,674.013360691824,3.79325422198672,0.768402436292116,3.18382506509746,0.788522727544199,-0.0683568799056635,1350297.05726154,0.768668294772755,-0.000265858480639536,2.91575425445408,-0.00100846880413696
2020-08-06,2020,218,"hayedo_cercano",2.69686472806893,22.6665369328246,109.428034581212,24.4027541922324,1311.65186506468,0.191598972184603,0.204739196245525,21.0185183495058,675.246714773585,3.79325422198672,0.710963349737326,2.93278455942935,0.726348726081769,-0.0905771605686517,1720430.61512764,0.656828333706211,0.0541350160311149,2.49151684995159,0.205347878117345
2020-08-16,2020,228,"hayedo_cercano",2.44357190975972,29.3400811966505,71.3927252693121,17.7109926515656,1474.60429602169,0.256291403460553,0.218431953114284,18.51629355885,662.657689918239,3.79325422198672,0.644188806433304,2.73549107064085,0.677485991250119,-0.10363984832448,2174457.82984564,0.59906969586329,0.0451191105700142,2.27242365309772,0.171148256661992
2020-08-26,2020,238,"hayedo_cercano",2.40942777585502,42.2711635342958,65.3957841843059,19.5221082003612,1623.61635293621,0.234395996829499,0.218684393904744,18.6210306828392,596.082635018868,3.79325422198672,0.635187528926833,2.62534889977083,0.650207606534779,-0.0979740321097754,2636130.06152188,0.541354526592052,0.0938330023347811,2.05349534358692,0.355932432268098
2020-08-31,2020,243,"hayedo_cercano",2.48245471256767,58.3340603237811,80.0939899441571,14.823867196457,1673.80271375724,0.315814444104081,0.257625561840129,16.7091042785265,572.414048006289,3.79325422198672,0.654439319721493,2.60712029178931,0.645693014372512,-0.0860703861577122,2801615.52458111,0.562845527590145,0.0915937921313478,2.13501617385766,0.347438538710009
2020-09-10,2020,253,"hayedo_cercano",2.28742871169418,47.2790919850695,67.8879898307245,17.593765001277,1791.99343559297,0.203580406476867,0.214542402411407,19.7276479415993,568.757629735849,3.79325422198672,0.603025417710111,2.42753518123462,0.601216028889461,-0.0954360830657367,3211240.47320831,0.476027828532367,0.126997589177744,1.80569457036357,0.481734141330612
2020-09-15,2020,258,"hayedo_cercano",2.16127859941059,38.177863520809,67.5179447174594,22.2045046632395,1873.63519073103,0.181256582152169,0.199102995530614,19.4706140179694,565.830706710692,3.79325422198672,0.569768982759775,2.26135200045248,0.560058235259776,-0.117050902180023,3510508.8279457,0.414884691704319,0.154884291055456,1.57376310844507,0.587515490965526
2020-09-30,2020,273,"hayedo_cercano",2.12206757568098,95.874049448146,154.208109771927,14.4597581491531,2028.90906819278,0.354897209183475,0.35811851559445,11.3038931376909,488.445912082891,3.79325422198672,0.55943194194075,2.22882688636076,0.552002895800821,-0.0557563193037882,4116472.00699489,0.476269942785309,0.0831619991554406,1.80661297127574,0.315454604405231
2020-10-30,2020,303,"hayedo_cercano",1.38049884319497,166.93127105962,262.805320507766,11.2206314398808,2214.52716914883,0.377835253749503,0.38603043806128,8.48241018867924,264.459372719283,3.79325422198672,0.363935228805185,1.4031824847989,0.347519495428687,-0.0849177029250264,4904130.58289834,0.623763857182844,-0.259828628377659,2.36609488478154,-0.985596041586571
2021-04-23,2021,112,"hayedo_cercano",1.45389655830531,NA,NA,13.6607901559186,71.7082700005621,0.298154301113552,0.305966078360376,20.5100483225517,NA,4.1492367159663,0.350400967173241,1.51517336993256,0.346306780436796,-0.157018602638805,5142.07598647352,NA,NA,NA,NA
2021-05-08,2021,127,"hayedo_cercano",2.65720800406671,71.1651042710359,NA,18.9520088835583,163.092930529453,0.327908274012792,0.330947478112435,20.807024834681,550.407614754717,4.1492367159663,0.640408871791225,2.80316324720164,0.640688688463659,-0.078068275029097,26599.3039886851,NA,NA,NA,NA
2021-06-02,2021,152,"hayedo_cercano",3.99032431094028,110.084462062605,179.427660136638,18.0145731696043,352.144891668517,0.390406338673718,0.379187206052384,22.6447504690027,569.353650201258,4.1492367159663,0.961700810075616,4.35104486342173,0.994471238796062,0.049090237286061,124006.024728232,0.985566120531022,-0.0238653104554062,4.08934713331978,-0.099022822379506
2021-06-07,2021,157,"hayedo_cercano",4.13661835428566,166.786522141081,237.951626412117,14.7404008965323,393.096787240372,0.366064979345294,0.376485598662114,17.6918666684636,552.491611025157,4.1492367159663,0.996958871584239,4.3207894018071,0.987556075349876,0.0218106044098503,154525.084138702,0.989807627532307,0.00715124405193235,4.10694614990054,0.029672204385113
2021-06-12,2021,162,"hayedo_cercano",4.1492367159663,116.618931670673,215.129129302705,18.3612117551408,448.8152900168,0.322396520298732,0.334924305509971,23.3701051320755,564.018748987421,4.1492367159663,1,4.37523449012888,1,0.0221319727022183,201435.164552864,0.949173195631979,0.0508268043680209,3.93834427312727,0.210892442839028
2021-07-02,2021,182,"hayedo_cercano",3.92032342829349,189.12180114823,299.206263210836,18.6114151056958,678.745445025144,0.34228293700788,0.353932226229014,19.5074309218329,593.042475308176,4.1492367159663,0.944830024570073,4.19765056260837,0.959411563443932,6.87889138487607e-05,460695.379142381,0.903303880699844,0.0415261438702287,3.74802162747464,0.172301800818852
2021-07-17,2021,197,"hayedo_cercano",3.64385918384696,93.6290475948557,268.115290635053,17.2805707383706,839.531255947571,0.332554759219507,0.339829293936803,17.4531953207547,567.82403372327,4.1492367159663,0.878199879468278,3.94630508452501,0.90196424749997,-0.00149625038153378,704812.729712906,0.872015289239794,0.00618459022848394,3.61819785499773,0.0256613288492318
2021-07-22,2021,202,"hayedo_cercano",3.56426502415071,55.7607805264675,262.201537783414,22.3144925739281,914.343268574011,0.277316663250233,0.297230180704369,25.200301458221,603.445008119497,4.1492367159663,0.85901703569608,3.85170491720455,0.880342510988729,-0.00190674125575396,836023.612786607,0.884103947647488,-0.025086911951408,3.66835656030971,-0.104091536158996
2021-08-11,2021,222,"hayedo_cercano",3.17919376453503,52.2627352209102,205.365967992163,20.6618938430051,1148.83099678488,0.307414140841246,0.302637561062347,19.4156088203055,599.12708145283,4.1492367159663,0.766211711253173,3.47881120147786,0.795114229723349,-0.00699832701737635,1319812.65917373,0.793299782522782,-0.0270880712696094,3.29158858441161,-0.112394819876576
2021-08-26,2021,237,"hayedo_cercano",3.01017722611635,41.9797886258941,84.1292106318153,19.1369856652474,1340.76485258938,0.229100997093089,0.247521439938175,19.451253769991,558.966865257862,4.1492367159663,0.7254773425033,3.37091378608727,0.770453285119346,0.0190178199554515,1797650.38993903,0.684093152731547,0.0413841897717527,2.83846442645488,0.171712799661474
2021-08-31,2021,242,"hayedo_cercano",2.85451998981304,32.5400795195924,81.9704110164038,17.4801304079452,1398.34040221289,0.205783572086998,0.22877715168759,21.0726860422282,583.066843427673,4.1492367159663,0.68796267487676,3.18164864899052,0.727195000900808,-0.0078850960804846,1955355.8804609,0.649579418748868,0.0383832561278925,2.69525877420885,0.15926121560419
2021-09-05,2021,247,"hayedo_cercano",2.87861733647138,52.028302147366,108.171331836913,22.3270637048366,1465.19950126712,0.328721844175327,0.326014176854547,16.2282250260557,555.700483937107,4.1492367159663,0.693770332599833,3.18655136960955,0.728315562697001,0.0100999568682819,2146809.57851343,0.577187197507346,0.116583135092487,2.39488631188317,0.483731024588205
2021-09-25,2021,267,"hayedo_cercano",2.731526123015,107.291503890064,149.271292515959,17.7292995196969,1716.7502284236,0.385041800684899,0.369516677076712,11.7367664068017,452.015580243838,4.1492367159663,0.658320146571551,2.731526123015,0.624315366222698,-0.0131778420023578,2947231.34679247,0.567361799034124,0.0909583475374267,2.35411840778908,0.377407715225914
2022-05-28,2022,147,"hayedo_cercano",4.31320735358949,42.0025553359317,NA,14.4339207327341,401.460907405479,0.304889517010383,0.305546853527333,16.4342612955975,604.600928924528,4.38145402077395,0.984423739959183,4.5290228389207,0.966995252245542,0.0505542641353064,161170.86017483,NA,NA,NA,NA
2022-06-12,2022,162,"hayedo_cercano",4.38145402077395,45.8287947897484,157.086627043884,18.5246182031852,573.127208780894,0.276544810840919,0.276715445068647,20.6343352003594,643.787639641509,4.38145402077395,1,4.68360400777922,1,0.0221319727022183,328474.797444978,0.946768107316343,0.0532318926836567,4.14822093054173,0.233233090232215
2022-07-02,2022,182,"hayedo_cercano",4.05547377041668,99.443535503101,133.849101825983,18.3536081917881,834.193973688411,0.343565105142333,0.347674774173921,18.4028849757412,611.154895962264,4.38145402077395,0.92559998374702,4.38187329140923,0.935577235848967,-0.0237655386811165,695879.585738062,0.799159395905084,0.126440587841936,3.50148014842761,0.553993621989071
2022-07-12,2022,192,"hayedo_cercano",3.98859533511039,97.2104799666246,143.039274756373,23.7152999046214,964.931712291728,0.287137497396089,0.304434688836024,25.0639110395328,635.172333113208,4.38145402077395,0.910336001747164,4.29323015291088,0.916650969163928,-0.00733452789435141,931093.209386245,0.780199214358613,0.130136787388551,3.41840698475622,0.570188350354172
2022-07-17,2022,197,"hayedo_cercano",3.84243656930516,94.6730826469424,134.284764383935,27.9327968005615,1066.53148407526,0.225960069732346,0.255301593484619,29.2432606648697,657.088979811321,4.38145402077395,0.876977494477147,4.14355860421527,0.884694478297704,-0.0187660195837999,1137489.40652379,0.807755080878959,0.0692224135981881,3.5391417469177,0.303294822387459
2022-08-06,2022,217,"hayedo_cercano",3.41260693911683,10.1569634092095,114.003684177712,20.5367907941966,1361.94502868413,0.181018533446754,0.195065968691428,21.5172608014376,714.980534276729,4.38145402077395,0.778875442475605,3.47804466245623,0.742600069664169,-0.0781393928058693,1854894.26115741,0.623779996341213,0.155095446134391,2.73306337304757,0.679543566069258
2022-08-16,2022,227,"hayedo_cercano",3.39466888052489,22.7135186186112,117.386601265554,18.6389398138978,1532.99081251277,0.211411768035569,0.192099480758923,20.2907046460018,648.750628446541,4.38145402077395,0.774781354415593,3.68637487393652,0.787080818065243,0.00254748633301838,2350060.83124855,0.566079395241292,0.208701959174301,2.48025084235724,0.914418038167642
2022-09-05,2022,247,"hayedo_cercano",2.87162832058252,77.2642494189065,87.421212828116,21.6994608577193,1818.03595984277,0.277491795441889,0.278892537582845,17.0405333495058,553.725239018868,4.38145402077395,0.655405330506075,3.18804699427877,0.680682437922504,-0.0375331679062152,3305254.75128143,0.49595916045396,0.159446170052116,2.17302225771067,0.698606062871848
2022-09-10,2022,252,"hayedo_cercano",2.79888116196168,74.2740478547393,89.7035812357134,19.0113552645318,1883.69930627531,0.250532374192084,0.255552688234757,18.5127485489668,518.882350471698,4.38145402077395,0.63880190199218,3.06857637010571,0.65517417036303,-0.0452006282736575,3548323.0764621,0.502030005140221,0.136771896851959,2.19962138457079,0.599259777390894
2022-09-20,2022,262,"hayedo_cercano",2.78246179419578,61.1743195353121,98.9701044231149,13.762971704511,2017.3365146701,0.244732214969659,0.239627542735646,17.5240571284816,504.886400327044,4.38145402077395,0.635054431931316,3.02936084698823,0.646801232972861,-0.0134379582804404,4069646.6134213,0.467454138958944,0.167600292972372,2.04812881666909,0.734332977526691
2022-10-05,2022,277,"hayedo_cercano",2.51609483019014,70.4539818132477,147.718231232154,16.1815805319221,2145.47224876836,0.317818485715854,0.323055396289945,13.4577452651617,443.327917985456,4.38145402077395,0.574260238327388,2.79017734401169,0.595732973875963,0.00918132001919425,4603051.17023517,0.421349736268007,0.152910502059381,1.8461244961235,0.669970334066638
2022-10-15,2022,287,"hayedo_cercano",2.07093664663543,91.9427610994328,169.747901841243,17.0814815601213,2250.45621568772,0.349227735331473,0.351424120757065,10.2170476988853,383.970183626228,4.38145402077395,0.472659678001052,2.28756841674576,0.488420543868832,-0.0412035855556345,5064553.1787275,0.438095157455624,0.0345645205454288,1.91949378911554,0.151442857519893
2023-04-08,2023,97,"hayedo_cercano",1.31420555637768,NA,NA,12.456741587321,22.2882871935704,0.348395209642326,0.359784373697245,19.5873554797844,NA,2.59737169692237,0.505975158632432,1.31522929068378,0.451199901646673,0.190117957390118,496.767746023075,NA,NA,NA,NA
2023-04-18,2023,107,"hayedo_cercano",1.42594205515687,NA,NA,8.9506622634344,65.841329139534,0.357397487328487,0.365846459970534,15.4635648472597,NA,2.59737169692237,0.548994222446665,1.44454414176706,0.495562393041534,0.0714644344475716,4335.08062286045,NA,NA,NA,NA
2023-07-22,2023,202,"hayedo_cercano",2.49108794746852,24.1307788238122,196.802631284921,17.7446081677323,1088.67679727583,0.253047685203312,0.265080134073893,20.3942836999102,612.804409396226,2.59737169692237,0.959080269651129,2.86278842580884,0.982102410058583,0.0998531578141001,1185217.16892675,0.855356049142196,0.103724220508933,2.22167759283328,0.269410354635239
2023-07-27,2023,207,"hayedo_cercano",2.59737169692237,36.8238488644638,203.259253115179,19.1053367454801,1149.94215929364,0.285439939119031,0.267398803738928,20.0012141761006,584.671184773585,2.59737169692237,1,2.91495916972454,1,0.138937188928963,1322366.96972091,0.843647691138779,0.156352308861221,2.19126663513777,0.4061050617846
2023-08-11,2023,222,"hayedo_cercano",2.51177357972469,40.1441949584047,160.814958530973,21.2858642306218,1345.24279526525,0.235918159005027,0.247130858823188,24.949149163522,617.959301044025,2.59737169692237,0.967044332815708,2.81709917071177,0.966428346568566,0.164315789827841,1809678.17821306,0.754899820414898,0.21214451240081,1.96075542755744,0.55101815216726
2023-08-21,2023,232,"hayedo_cercano",2.34038764085891,48.872787514328,73.0035663381402,22.9323120820947,1504.92651350074,0.236081705153363,0.241760226915467,20.1682611230907,612.879523836478,2.59737169692237,0.901059961357106,2.62126862465868,0.899247115322848,0.131478986115356,2264803.81103748,0.617005272934268,0.284054688422838,1.60259203277133,0.737795608087581
2023-09-25,2023,267,"hayedo_cercano",2.01814207689145,186.597897427978,234.313240969851,18.1994674954525,1988.08530087421,0.359634063528769,0.368058861426587,14.7846116526842,459.646557669418,2.59737169692237,0.776993943255312,2.23023391332231,0.765099537752036,0.12760632952698,3952483.16355211,0.626008300649217,0.150985642606096,1.62597624214474,0.39216583474671
2023-09-30,2023,272,"hayedo_cercano",1.97736408377912,154.651673506837,231.531600468408,20.646679558744,2058.45863649861,0.320696530851928,0.332194905610954,17.5183827543555,472.507469603381,2.59737169692237,0.761294229132514,2.18530465125524,0.749686195934521,0.136792300345337,4237251.9581757,0.587495019677366,0.173799209455147,1.52594293619284,0.451421147586282
2023-10-05,2023,277,"hayedo_cercano",1.90745782901493,98.7381046346794,218.742106202125,18.9037397556585,2129.64973063119,0.305932726750084,0.312988544660044,15.1880486672282,467.291414266116,2.59737169692237,0.734380000858205,2.12155918799634,0.727817806174219,0.14126615231745,4535407.97517752,0.560916698160789,0.173463302697416,1.45690915613398,0.450548672880945
2023-10-10,2023,282,"hayedo_cercano",1.86750929775966,94.9340266095023,217.867338102855,18.1075169089456,2203.00719850249,0.275745877679789,0.290954826762841,15.9796782285455,451.927410338419,2.59737169692237,0.718999633349541,2.06590286506735,0.708724460542814,0.150032999048681,4853240.71665378,0.571609492883524,0.147390140466017,1.48468231850781,0.382826979251845
2024-04-12,2024,102,"hayedo_cercano",1.33568898850094,NA,NA,14.8686122638375,81.4188815350805,0.366772191829402,0.377599980596226,19.4376937610063,NA,3.40519649380491,0.392250194939108,1.33670385238718,0.346808331572804,0.00378716421076297,6629.03427042348,NA,NA,NA,NA
2024-07-31,2024,212,"hayedo_cercano",3.40519649380491,37.7755783382664,131.75575586147,23.4404421576414,1100.65509383724,0.250804751174255,0.253166134252488,23.5776714869721,662.86740027673,3.40519649380491,1,3.85430144173617,1,0.159556699695026,1211441.63558986,0.796142419217658,0.203857580782342,2.71102137448933,0.694175119315581
2024-08-05,2024,217,"hayedo_cercano",3.31877316359332,29.5366927009588,129.75071548222,20.2998308209753,1169.33278232791,0.213975114642449,0.231972844345765,21.9261311626235,669.538948320755,3.40519649380491,0.97462016351514,3.79761644445189,0.9852930555274,0.164553593057362,1367339.15582672,0.764818558208426,0.209801605306713,2.60435747280826,0.714415690785061
2024-08-10,2024,222,"hayedo_cercano",3.24624699859668,26.1966723282585,104.402225765012,23.3434824977531,1245.37685807186,0.195648429278808,0.21705656431506,21.5232363584906,650.07513909434,3.40519649380491,0.953321490992544,3.7174244042756,0.964487199683346,0.162374642942621,1550963.51862095,0.698882042770377,0.254439448222166,2.3798306816249,0.866416316971776
2024-08-20,2024,232,"hayedo_cercano",3.13574230202195,32.8239856433021,92.9134660129988,17.484451072421,1382.89982042613,0.25417041378701,0.244367781425172,18.1740164285714,624.868299861635,3.40519649380491,0.920869708319865,3.60762633469839,0.936000048058862,0.168231918851371,1912411.91333462,0.675568853900487,0.245300854419378,2.30044469262574,0.835297609396215
2024-09-14,2024,257,"hayedo_cercano",2.7428212254076,146.178251854235,186.292442734965,11.5295679368313,1663.75302525327,0.367657711420919,0.370546347440164,11.7750889541779,464.179996748428,3.40519649380491,0.805481043574911,3.14138687864423,0.815034040832363,0.133884438006111,2768074.1290394,0.638458734397919,0.167022309176993,2.17407744381091,0.568743781596694
2024-09-24,2024,267,"hayedo_cercano",2.48388590582126,175.189300763368,216.529151528686,14.7101835318832,1755.57379869985,0.396345952271915,0.394015785533177,12.9287348960018,408.876332668239,3.40519649380491,0.729439816568649,2.74153857506569,0.711293243797447,0.0738000355723906,3082039.36268143,0.672150447025491,0.0572893695431577,2.2888043455206,0.195081560300654
2024-09-29,2024,272,"hayedo_cercano",2.58118116797667,158.290404597691,235.546541667056,13.0623853055686,1801.23862291972,0.387616703345341,0.392991640282877,12.7116057945305,385.894592134827,3.40519649380491,0.758012400362984,2.58118116797667,0.669688452497888,0.0567945569087038,3244460.57669774,0.684386063549758,0.0736263368132262,2.33046902400858,0.250712143968097
2025-04-07,2025,96,"hayedo_cercano",1.32147077792333,NA,NA,11.4365432691274,35.1617146402037,0.372255801154882,0.379558347805991,16.5839902893082,NA,4.66723838980559,0.283137621770027,1.3206132081861,0.271415411454267,0.0267514094672719,1236.34617643911,NA,NA,NA,NA
2025-04-09,2025,98,"hayedo_cercano",1.32728668093823,NA,NA,13.8185129009703,52.8699333854693,0.353698496548635,0.36341492035104,18.3883409559748,NA,4.66723838980559,0.28438373403796,1.3288048653809,0.273098979356086,-0.00439816686080013,2795.22985618396,NA,NA,NA,NA
2025-04-29,2025,118,"hayedo_cercano",2.19499689807048,NA,NA,15.5629968487242,165.40015508064,0.376426862720673,0.388757699190696,18.8871893378257,NA,4.66723838980559,0.470298860856326,2.37418290943568,0.487947437779503,-0.106442365336073,27357.2113006998,NA,NA,NA,NA
2025-05-17,2025,136,"hayedo_cercano",4.25894629108734,181.001351609116,NA,13.071672773861,290.572103958611,0.3848379363054,0.395118516945989,18.7522028400719,533.664206559748,4.66723838980559,0.912519553402273,4.52459956875446,0.929905930068693,0.106862540925345,84432.1475989337,NA,NA,NA,NA
2025-05-29,2025,148,"hayedo_cercano",4.66723838980559,129.313006305361,NA,19.4213221991837,393.558576235183,0.31439423711045,0.33004042037628,25.1897594519317,603.27475,4.66723838980559,1,4.86565298967416,1,0.0770801517682959,154888.352928264,NA,NA,NA,NA
2025-06-18,2025,168,"hayedo_cercano",4.45101769019134,83.2414401353313,253.763110826557,21.3345577695835,644.269452999925,0.323246835912548,0.336091566385713,23.0100476621743,643.104744849057,4.66723838980559,0.953672668598516,4.69893971995043,0.965736711993739,-0.0167030298445285,415083.128068822,0.910923794968638,0.0427488736298778,4.25149850606502,0.199519184126314
2025-06-21,2025,171,"hayedo_cercano",4.5034058563212,81.2408983030927,230.694002175389,22.3657434075634,699.439565816917,0.29716521089182,0.310305154548501,25.2861784564241,664.277698477987,4.66723838980559,0.964897329041037,4.73453404849618,0.973052138848323,-0.00802260586778092,489215.706230158,0.906786983249364,0.0581103457916735,4.23219101959743,0.271214836723776
2025-06-28,2025,178,"hayedo_cercano",4.3445033846514,89.491152788319,218.80415909368,21.8803398388237,808.266629604126,0.279748448785746,0.2852780968888,24.3851447906559,658.645395849057,4.66723838980559,0.930850970488432,4.59928335905524,0.945255111454885,-0.0246335524209305,653294.944531613,0.912493964566631,0.0183570059218001,4.25882686189128,0.0856765227601146
2025-07-01,2025,181,"hayedo_cercano",4.33362474056653,76.4854487995271,211.248008133766,23.7382351601399,866.139001984668,0.242521551919933,0.261047383274422,27.2705210799641,682.373649698113,4.66723838980559,0.928520118027878,4.59016162932078,0.943380392942525,-0.0188386628851372,750196.770758997,0.926385019234059,0.00213509879381968,4.32365972550999,0.0099650150565429
2025-07-16,2025,196,"hayedo_cercano",3.92124840149015,47.319245215911,143.969615064596,19.9013947164988,1070.83151130197,0.293161482181189,0.284459343496359,20.1432411293801,712.625148974843,4.66723838980559,0.84016458427646,4.21905446464983,0.867109609666671,-0.0405360447628703,1146680.12559725,0.779987375605508,0.060177208670952,3.64038702298974,0.280861378500409
2025-08-07,2025,218,"hayedo_cercano",3.59213321207317,59.9405470375986,103.128254311113,22.059755191763,1342.56480366849,0.224868874379924,0.242429696788828,23.4775903755615,611.194576044025,4.66723838980559,0.76964853989873,3.92219860230148,0.806099121870205,-0.010826764780215,1802480.25204941,0.696140874806629,0.0735076650921016,3.24905541561034,0.343077796462829
2025-08-10,2025,221,"hayedo_cercano",3.64777146133068,48.695298498886,98.8877422692881,24.6442541310373,1395.10710349813,0.199484731166368,0.224841056879711,24.6319609209344,606.689323886792,4.66723838980559,0.781569561413087,3.9706307029659,0.816052996667114,0.01030280742755,1946323.83023094,0.658149564567229,0.123419996845858,3.071740913982,0.576030547348674
2025-08-15,2025,226,"hayedo_cercano",3.27561082261128,36.2733038274502,83.5925490433611,28.343155289496,1499.20760880716,0.179029992541427,0.205633170949588,22.942228245283,626.671550339623,4.66723838980559,0.701830622101077,3.64918809496062,0.749989385331196,-0.0379846491688687,2247623.4543053,0.575417691132743,0.126412930968334,2.68561153822803,0.58999928438325
2025-08-25,2025,236,"hayedo_cercano",2.93994680342938,56.9064175976831,115.06619769449,22.6893734746009,1642.65594475465,0.287351818204676,0.285291994142832,16.6644502273136,607.766174981132,4.66723838980559,0.629911428962138,3.28216624163574,0.674558224476987,-0.0801302913565868,2698318.55283778,0.57368285134081,0.0562285776213275,2.67751462735096,0.262432176078423
2025-09-06,2025,248,"hayedo_cercano",2.76696737199878,85.4676808166783,145.408227854277,22.4905768644385,1790.46538748751,0.30668707713641,0.31265408987769,17.1471732955975,541.756812823899,4.66723838980559,0.592848948543645,3.07976114308275,0.6329594711375,-0.0817801880693207,3205766.30379082,0.529264330711328,0.0635846178323168,2.47020280265067,0.296764569348106
2025-09-14,2025,256,"hayedo_cercano",2.70093346636978,104.011269919884,140.284573747334,17.6603400936167,1878.90688775661,0.32754767715806,0.320663962973989,11.4781586415094,446.083914880503,4.66723838980559,0.57870055925776,2.93392732915182,0.602987376078437,-0.0821345719410211,3530291.09285922,0.489240563335788,0.0894599959219715,2.2834023390509,0.417531127318877
2025-09-26,2025,268,"hayedo_cercano",2.56137458307733,105.749965912904,169.575418301178,11.9461723687514,2001.76934641633,0.360353685774893,0.361096343154427,11.9123265714286,418.135790792453,4.66723838980559,0.548798747600296,2.84588994850756,0.584893734622481,-0.0478261540750633,4007080.51625204,0.513127696968392,0.0356710506319046,2.39488928616341,0.166485296913924
2025-10-06,2025,278,"hayedo_cercano",2.35446291439663,84.4873271114971,169.955007928175,11.9895632066067,2089.57329278143,0.330185934182733,0.320404614042686,13.3494104107704,388.572122396226,4.66723838980559,0.504465964185451,2.61663485463668,0.537776709557726,-0.0433154276738287,4366316.54590541,0.479148167500235,0.0253177966852153,2.2362987217621,0.11816419263453
2018-04-19,2018,108,"hayedo_intermedio",1.32284158345798,NA,NA,16.8147170292757,93.515880032106,0.357319735880918,0.369543895781415,17.9843454528302,NA,4.43466321209052,0.298295838983088,1.3647074027881,0.335333739324066,-0.104791742808515,8745.21981817924,NA,NA,NA,NA
2018-04-24,2018,113,"hayedo_intermedio",1.78740186718561,NA,NA,16.5087249387985,147.01973611124,0.358709497271844,0.358228383574096,22.6735537915544,NA,4.43466321209052,0.403052448788556,1.94344864184675,0.477541119014464,-0.0413110264739248,21614.8028062185,NA,NA,NA,NA
2018-06-03,2018,153,"hayedo_intermedio",4.43466321209052,142.259942383889,335.562072612116,16.5692172924178,417.385116584347,0.408331071305825,0.408040185644442,15.8916442659479,521.507378465409,4.43466321209052,1,4.05879508695672,0.997320693709669,0.0471867131046513,174210.335546129,0.957365132719594,0.0426348672804063,4.24559193460974,0.18907127748078
2018-06-23,2018,173,"hayedo_intermedio",4.4211189174856,187.777250368341,272.446584728035,16.6167284471684,617.478712688904,0.322930675882463,0.334519063401772,20.6393058167116,507.357901044025,4.43466321209052,0.996945812126614,4.06969905724053,1,0.0210476797544259,381279.960623946,0.913870339257198,0.0830754728694157,4.05270717412458,0.368411743361023
2018-07-08,2018,188,"hayedo_intermedio",4.2529411253134,145.100023326316,311.928066363603,19.9408178693344,827.104015189599,0.373413261877416,0.376322040517875,20.4672349541779,596.528238125786,4.43466321209052,0.95902234778919,3.8213018175825,0.938964224095121,-0.000365763608699998,684101.051942756,0.890466594136994,0.0685557536521957,3.94891944661487,0.304021678698533
2018-07-13,2018,193,"hayedo_intermedio",3.74590244666412,108.249529614514,309.213565933099,19.3879198542181,897.273141848169,0.380269134569468,0.374812919388777,22.8811682596586,636.828081427673,4.43466321209052,0.844687018498139,3.49326133530441,0.858358636884816,-0.0616160753197095,805099.091082084,0.878647380930542,-0.033960362432403,3.89650521661236,-0.150602769948239
2018-07-23,2018,203,"hayedo_intermedio",3.69220351536552,151.274963596787,339.052213965128,20.1881881074086,1033.89893536518,0.37288008196049,0.380667129652555,19.7427851662174,631.089083679245,4.43466321209052,0.832578109945129,3.37517513997751,0.829342684190032,-0.0486471916287321,1068947.00854925,0.855542828363881,-0.0229647184187526,3.79404430731318,-0.10184079194766
2018-08-02,2018,213,"hayedo_intermedio",3.61841791708735,108.498522767936,249.961217784506,21.6150812336984,1183.3021305884,0.317928564123638,0.32587616648564,18.114983230009,593.484373037736,4.43466321209052,0.815939732970524,3.31874949515125,0.815477864203928,-0.0209436219749821,1400203.93225504,0.797218416931566,0.0187213160389583,3.53539518556746,0.0830227315198888
2018-08-12,2018,223,"hayedo_intermedio",3.5395899259314,128.443882321176,236.69341193569,20.6038759843359,1336.73440294166,0.37686602874372,0.373433652913795,19.7044628221024,598.578950308176,4.43466321209052,0.798164315224926,3.24061933100901,0.796279844143148,-0.00223786128253733,1786858.8640078,0.77781158327655,0.0203527319483757,3.4493324142944,0.0902575116370015
2018-08-22,2018,233,"hayedo_intermedio",3.37211726739669,94.6403320050846,245.915295601872,20.6083416472941,1460.81665854304,0.323428973711761,0.335483552025049,19.328071933513,590.69118263522,4.43466321209052,0.760399855890534,3.09799129540425,0.761233509365395,-0.00324722184838044,2133985.30987687,0.734878660109171,0.025521195781363,3.25893935933651,0.11317790806017
2018-08-27,2018,238,"hayedo_intermedio",3.30865344400108,91.8101892232146,242.139955843256,19.5110072393837,1523.79648448057,0.305487920653145,0.314801644979033,19.7916068814016,593.971691918239,4.43466321209052,0.746089000621394,2.99899024166161,0.736907127401967,-0.0112745112425878,2321955.72611534,0.725354284430949,0.0207347161904452,3.21670196089817,0.0919514831029051
2018-09-01,2018,243,"hayedo_intermedio",3.25821434912442,97.6994804710576,206.198003238994,17.4120892122857,1589.45294047822,0.305541428380043,0.307775641387364,19.8897243728661,590.285416106918,4.43466321209052,0.734715173012761,2.98561197137963,0.733619840038992,0.00185643950876757,2526360.64999485,0.678878168413734,0.0558370045990271,3.01059603895578,0.247618310168635
2018-09-11,2018,253,"hayedo_intermedio",3.01884671138187,52.9137441295952,181.357626450771,19.5817593172661,1714.8450847074,0.332176754309696,0.330330355362322,15.253750950584,536.35514145283,4.43466321209052,0.680738664246562,2.76338771386064,0.6790152478091,-0.0176368641460973,2940693.66454512,0.596803789037393,0.0839348752091696,2.64662380808036,0.372222903301513
2018-09-26,2018,268,"hayedo_intermedio",2.55505113029712,44.898759254331,136.708948477546,17.4473760536882,1911.14072811599,0.267658781455498,0.272478246588877,16.6677964778751,514.556534917453,4.43466321209052,0.576154492032476,2.45299408880175,0.602745818376313,-0.0299740703212316,3652458.88266371,0.538064190760965,0.0380903012715113,2.38613347251091,0.168917657786216
2018-10-16,2018,288,"hayedo_intermedio",2.42853492429433,73.3337415975873,116.18819239419,13.5262627375701,2102.09424162331,0.370676190598206,0.372921489319711,11.0881321302785,437.36931511191,4.43466321209052,0.547625559856101,2.20740886145128,0.542401005677314,0.0187042884935092,4418800.20066589,0.403554991528405,0.144070568327695,1.78963047498652,0.638904449307805
2018-10-21,2018,293,"hayedo_intermedio",2.09709016058777,74.7500333909344,121.521094564183,15.5947924743909,2148.68054915295,0.357851300349525,0.355668647234295,9.45283370979335,392.838704872916,4.43466321209052,0.472886002903295,1.9629957207651,0.482344196255167,-0.011299501389174,4616828.10230821,0.384345317586432,0.0885406853168629,1.7044420406398,0.392648119947975
2019-04-29,2019,118,"hayedo_intermedio",1.75220139972076,NA,NA,10.5606155139596,122.354707070917,0.355307766976346,0.362469882085388,17.6310673135669,NA,4.83197222730068,0.362626546117299,2.08068214229817,0.430607222976634,-0.163782580138942,14970.6743424099,NA,NA,NA,NA
2019-05-14,2019,133,"hayedo_intermedio",4.06508256857501,79.2164070590295,NA,12.5762443406527,209.301629305187,0.316105098844324,0.325505190675364,21.5147694573226,579.911311371069,4.83197222730068,0.841288479599958,4.08609681518911,0.84563747947528,0.0547835566763841,43807.1720298058,NA,NA,NA,NA
2019-06-03,2019,153,"hayedo_intermedio",4.83197222730068,103.292430997788,203.769487209187,17.5489509574522,359.362474162425,0.305262161750713,0.32233357679419,26.0146039424978,630.159127786163,4.83197222730068,1,4.83197222730068,1,0.049866019394982,129141.38783614,0.969514050920071,0.0304859490799294,4.68466496802356,0.147307259277122
2019-06-08,2019,158,"hayedo_intermedio",4.7023695096458,125.787807012474,212.015755645404,12.6314681814902,401.078054744794,0.371703673708614,0.371765248680515,22.8515336136568,626.226472050314,4.83197222730068,0.973178091355198,4.71176049599498,0.975121601356377,0.00630845011133496,160863.605997868,0.981204019634338,-0.00802592827914017,4.74115057218891,-0.0387810625431122
2019-06-13,2019,163,"hayedo_intermedio",4.81434199189287,141.091514258122,220.307921317152,13.15822602358,433.159260776609,0.371865496445502,0.37324190489651,20.0817174770889,601.012165333333,4.83197222730068,0.996351337594988,4.62273950981493,0.95669827812677,-0.0226561118815526,187626.945196539,0.976713453244508,0.01963788435048,4.71945228010841,0.0948897117844618
2019-06-18,2019,168,"hayedo_intermedio",4.65089834012989,83.4035103848985,198.141200995485,21.1711993931225,489.868913187473,0.325773768954807,0.339174927905421,24.1967175274034,638.982424886792,4.83197222730068,0.962525884120831,4.55349020007182,0.942366798870359,-0.0400729429679079,239971.552107475,0.93321355787282,0.0293123262480109,4.50926199378192,0.141636346347966
2019-06-28,2019,178,"hayedo_intermedio",4.64617299202272,85.1165319625222,198.665882135999,21.583988296061,638.909696835694,0.282834210985612,0.304947211807379,26.092605737646,694.32670391195,4.83197222730068,0.961547950497687,4.46429481267128,0.923907382465483,-0.0459812814103323,408205.600710678,0.912571385518036,0.0489765649796509,4.40951959025246,0.23665340177026
2019-08-07,2019,218,"hayedo_intermedio",2.78549880551874,90.4632418769249,175.7451322976,20.2114671175335,1204.24414085772,0.3555648671756,0.334220368907137,18.8761522722372,632.648635767296,4.83197222730068,0.576472437026987,3.24559641077322,0.671691859575594,-0.145234027074826,1450203.95079016,0.726510022831158,-0.150037585804171,3.51047625317574,-0.724977447656995
2019-08-17,2019,228,"hayedo_intermedio",3.96163826237313,86.7594306660784,170.733701072548,20.7290645039557,1337.81848946738,0.294518504752553,0.304594109893095,21.0546094249775,601.534942,4.83197222730068,0.819880180599931,3.73673791696324,0.773335967423539,-0.00778987215106108,1789758.31076077,0.702262020441436,0.117618160158495,3.39331057906108,0.568327683312052
2019-08-22,2019,233,"hayedo_intermedio",3.70257426220771,100.5549701793,161.660342706774,17.0320208511513,1396.01628585112,0.322222475735646,0.316820050185581,20.2325772614555,575.509628150943,4.83197222730068,0.766265633996847,3.50824530578931,0.726048317489843,-0.0384324137239326,1948861.47036155,0.662019750876137,0.10424588312071,3.19886105015801,0.503713212049705
2019-09-16,2019,258,"hayedo_intermedio",3.19227747726536,47.6174710496003,134.376901715679,19.4225375961208,1705.94291514751,0.2732372103997,0.261720868776429,16.8512825444744,552.335806358491,4.83197222730068,0.6606572486549,3.15319992373159,0.652569960132631,-0.0245391773071675,2910241.22974198,0.609189193463445,0.0514680551914549,2.94358526398707,0.248692213278289
2019-09-26,2019,268,"hayedo_intermedio",2.91103469633369,36.0759980335457,114.186208913392,16.5980354828905,1833.78221853005,0.284050965459092,0.262647763738092,13.4163762682502,494.805218972091,4.83197222730068,0.602452696206805,2.77875732870441,0.575077255826183,-0.0576426328713612,3362757.22499698,0.542518375173872,0.0599343210329328,2.62143372164044,0.289600974693255
2019-10-11,2019,283,"hayedo_intermedio",2.62097836532964,30.6242539011543,77.1491778194425,17.5451928808505,1990.51149836607,0.261511538763466,0.249816888533298,12.7028904868283,420.839798173128,4.83197222730068,0.542424136985119,2.47636522187933,0.512495748193221,-0.0404678556340795,3962136.02512752,0.45225566496418,0.0901684720209396,2.18528681274632,0.435691552583319
2019-10-26,2019,298,"hayedo_intermedio",2.30431177081293,145.25836635609,181.334364389636,13.7747783444963,2117.17606929244,0.380998699420153,0.386855529789155,8.23442655705301,334.640265119276,4.83197222730068,0.476888455151614,2.22011279734617,0.45946307075246,-0.00367100886770882,4482434.50838457,0.52042973092944,-0.043541275777826,2.51470200611262,-0.210390235299695
2020-05-18,2020,138,"hayedo_intermedio",4.11663330998832,135.766863739126,NA,12.3246523603204,368.821347633699,0.371627455737356,0.381609986163285,15.6918223629829,496.367973924528,4.11663330998832,1,3.91888888638914,0.970572468793484,0.127613511402101,136029.186470338,NA,NA,NA,NA
2020-05-28,2020,148,"hayedo_intermedio",4.11171417338819,83.6653482726214,NA,20.1187925942539,476.41417614839,0.295818172910678,0.311202686537737,24.1773728751123,612.509545490566,4.11663330998832,0.99880505834994,4.0377086847113,1,0.0770801517682959,226970.467235149,NA,NA,NA,NA
2020-06-22,2020,173,"hayedo_intermedio",3.71690454996694,105.78207876497,224.742378011372,16.7284594985674,713.370634430061,0.334570462848655,0.347844963053737,23.1291201617251,634.893113295597,4.11663330998832,0.902899109558409,3.63764892936418,0.900919113639392,-0.0780332066061823,508897.662067148,0.894771367243765,0.00812774231464319,3.68344561521948,0.0334589347474621
2020-07-22,2020,203,"hayedo_intermedio",3.6033687604601,39.3314060676023,145.113484832572,21.1487905258403,1090.31971668268,0.23534819764911,0.248016361920339,23.5546993198562,661.602286949685,4.11663330998832,0.875319342074294,3.12483571435265,0.773913117155969,-0.104076758662796,1188797.08458699,0.811692620296991,0.0636267217773032,3.34144087818629,0.261927882273806
2020-07-27,2020,208,"hayedo_intermedio",3.37511517365099,23.1246206500101,144.18830218321,21.9404144910896,1162.02282992269,0.197196486611036,0.223273092845701,24.7908439398023,674.013360691824,4.11663330998832,0.819872677379799,3.18382506509746,0.788522727544199,-0.0683568799056635,1350297.05726154,0.768668294772755,0.0512043826070441,3.16432550659344,0.210789667057544
2020-08-06,2020,218,"hayedo_intermedio",3.08387317692646,22.6665369328246,109.428034581212,24.4027541922324,1311.65186506468,0.191598972184603,0.204739196245525,21.0185183495058,675.246714773585,4.11663330998832,0.749125060384649,2.93278455942935,0.726348726081769,-0.0905771605686517,1720430.61512764,0.656828333706211,0.0922967266784382,2.70392139747911,0.379951779447346
2020-08-16,2020,228,"hayedo_intermedio",2.79760180784027,29.3400811966505,71.3927252693121,17.7109926515656,1474.60429602169,0.256291403460553,0.218431953114284,18.51629355885,662.657689918239,4.11663330998832,0.679584893085415,2.73549107064085,0.677485991250119,-0.10363984832448,2174457.82984564,0.59906969586329,0.0805151972221254,2.46615026499539,0.331451542844881
2020-08-26,2020,238,"hayedo_intermedio",2.6758956632583,42.2711635342958,65.3957841843059,19.5221082003612,1623.61635293621,0.234395996829499,0.218684393904744,18.6210306828392,596.082635018868,4.11663330998832,0.650020407881773,2.62534889977083,0.650207606534779,-0.0979740321097754,2636130.06152188,0.541354526592052,0.108665881289721,2.2285580766818,0.447337586576502
2020-08-31,2020,243,"hayedo_intermedio",2.48028651620588,58.3340603237811,80.0939899441571,14.823867196457,1673.80271375724,0.315814444104081,0.257625561840129,16.7091042785265,572.414048006289,4.11663330998832,0.602503630864543,2.60712029178931,0.645693014372512,-0.0860703861577122,2801615.52458111,0.562845527590145,0.0396581032743977,2.31702864725554,0.163257868950343
2020-09-10,2020,253,"hayedo_intermedio",2.4215979273543,47.2790919850695,67.8879898307245,17.593765001277,1791.99343559297,0.203580406476867,0.214542402411407,19.7276479415993,568.757629735849,4.11663330998832,0.588247177973977,2.42753518123462,0.601216028889461,-0.0954360830657367,3211240.47320831,0.476027828532367,0.11221934944161,1.95963201541775,0.461965911936549
2020-09-15,2020,258,"hayedo_intermedio",2.23831048197599,38.177863520809,67.5179447174594,22.2045046632395,1873.63519073103,0.181256582152169,0.199102995530614,19.4706140179694,565.830706710692,4.11663330998832,0.543723551122493,2.26135200045248,0.560058235259776,-0.117050902180023,3510508.8279457,0.414884691704319,0.128838859418174,1.70792814167424,0.530382340301757
2020-09-20,2020,263,"hayedo_intermedio",2.19435186002676,46.4805364190073,87.839104454137,16.0839587781415,1948.03766934697,0.332416330493471,0.252056160812858,15.4018430305481,544.275220962264,4.11663330998832,0.533045256837069,2.19435186002676,0.543464630902082,-0.112374655512632,3794850.76119478,0.479275640019334,0.0537696168177352,1.97300206436956,0.221349795657197
2020-09-30,2020,273,"hayedo_intermedio",2.20822688101062,95.874049448146,154.208109771927,14.4597581491531,2028.90906819278,0.354897209183475,0.35811851559445,11.3038931376909,488.445912082891,4.11663330998832,0.536415734588924,2.22882688636076,0.552002895800821,-0.0557563193037882,4116472.00699489,0.476269942785309,0.0601457918036147,1.96062871101623,0.247598169994383
2021-04-23,2021,112,"hayedo_intermedio",1.37716631535078,NA,NA,13.6607901559186,71.7082700005621,0.298154301113552,0.305966078360376,20.5100483225517,NA,4.52643792001176,0.304249464962771,1.51517336993256,0.346306780436796,-0.157018602638805,5142.07598647352,NA,NA,NA,NA
2021-05-08,2021,127,"hayedo_intermedio",2.54574755156413,71.1651042710359,NA,18.9520088835583,163.092930529453,0.327908274012792,0.330947478112435,20.807024834681,550.407614754717,4.52643792001176,0.562417423269888,2.80316324720164,0.640688688463659,-0.078068275029097,26599.3039886851,NA,NA,NA,NA
2021-06-02,2021,152,"hayedo_intermedio",4.52643792001176,110.084462062605,179.427660136638,18.0145731696043,352.144891668517,0.390406338673718,0.379187206052384,22.6447504690027,569.353650201258,4.52643792001176,1,4.35104486342173,0.994471238796062,0.049090237286061,124006.024728232,0.985566120531022,0.0144338794689779,4.4611038606505,0.0653340593612608
2021-06-07,2021,157,"hayedo_intermedio",4.30441676865794,166.786522141081,237.951626412117,14.7404008965323,393.096787240372,0.366064979345294,0.376485598662114,17.6918666684636,552.491611025157,4.52643792001176,0.950950138878025,4.3207894018071,0.987556075349876,0.0218106044098503,154525.084138702,0.989807627532307,-0.0388574886542815,4.48030277877911,-0.175886010121167
2021-06-12,2021,162,"hayedo_intermedio",4.4535069148579,116.618931670673,215.129129302705,18.3612117551408,448.8152900168,0.322396520298732,0.334924305509971,23.3701051320755,564.018748987421,4.52643792001176,0.983887770816115,4.37523449012888,1,0.0221319727022183,201435.164552864,0.949173195631979,0.0347145751841355,4.29637354536733,0.15713336949057
2021-07-02,2021,182,"hayedo_intermedio",4.37476702361852,189.12180114823,299.206263210836,18.6114151056958,678.745445025144,0.34228293700788,0.353932226229014,19.5074309218329,593.042475308176,4.52643792001176,0.966492217705518,4.19765056260837,0.959411563443932,6.87889138487607e-05,460695.379142381,0.903303880699844,0.0631883370056735,4.08874893889356,0.286018084724963
2021-07-17,2021,197,"hayedo_intermedio",4.12486623012202,93.6290475948557,268.115290635053,17.2805707383706,839.531255947571,0.332554759219507,0.339829293936803,17.4531953207547,567.82403372327,4.52643792001176,0.911283066953296,3.94630508452501,0.90196424749997,-0.00149625038153378,704812.729712906,0.872015289239794,0.039267777713502,3.94712307204503,0.177743158076988
2021-07-22,2021,202,"hayedo_intermedio",4.05549229669755,55.7607805264675,262.201537783414,22.3144925739281,914.343268574011,0.277316663250233,0.297230180704369,25.200301458221,603.445008119497,4.52643792001176,0.895956681249925,3.85170491720455,0.880342510988729,-0.00190674125575396,836023.612786607,0.884103947647488,0.011852733602437,4.00184163386368,0.0536506628338689
2021-08-11,2021,222,"hayedo_intermedio",3.67839319253565,52.2627352209102,205.365967992163,20.6618938430051,1148.83099678488,0.307414140841246,0.302637561062347,19.4156088203055,599.12708145283,4.52643792001176,0.812646336377035,3.47881120147786,0.795114229723349,-0.00699832701737635,1319812.65917373,0.793299782522782,0.0193465538542531,3.59082221754821,0.0875709749874409
2021-08-26,2021,237,"hayedo_intermedio",3.60713885152506,41.9797886258941,84.1292106318153,19.1369856652474,1340.76485258938,0.229100997093089,0.247521439938175,19.451253769991,558.966865257862,4.52643792001176,0.796904522997565,3.37091378608727,0.770453285119346,0.0190178199554515,1797650.38993903,0.684093152731547,0.112811370266018,3.09650518734447,0.510633664180589
2021-08-31,2021,242,"hayedo_intermedio",3.40976688815692,32.5400795195924,81.9704110164038,17.4801304079452,1398.34040221289,0.205783572086998,0.22877715168759,21.0726860422282,583.066843427673,4.52643792001176,0.753300265774564,3.18164864899052,0.727195000900808,-0.0078850960804846,1955355.8804609,0.649579418748868,0.103720847025696,2.94028091308407,0.469485975072849
2021-09-05,2021,247,"hayedo_intermedio",3.37073103281093,52.028302147366,108.171331836913,22.3270637048366,1465.19950126712,0.328721844175327,0.326014176854547,16.2282250260557,555.700483937107,4.52643792001176,0.7446762978696,3.18655136960955,0.728315562697001,0.0100999568682819,2146809.57851343,0.577187197507346,0.167489100362253,2.61260201774257,0.758129015068359
2021-09-30,2021,272,"hayedo_intermedio",2.43170312191034,113.394356345653,145.934435865246,13.4085954814088,1765.09581055392,0.35844423386036,0.353761022695705,12.9129348632075,403.36823419942,4.52643792001176,0.537222240729201,2.57741552786778,0.58909197522619,-0.0238019203629943,3115563.22043499,0.536822949589642,0.000399291139558833,2.42989575535512,0.00180736655522384
2022-05-28,2022,147,"hayedo_intermedio",4.85993309163223,42.0025553359317,NA,14.4339207327341,401.460907405479,0.304889517010383,0.305546853527333,16.4342612955975,604.600928924528,4.87107733929507,0.997712159572393,4.5290228389207,0.966995252245542,0.0505542641353064,161170.86017483,NA,NA,NA,NA
2022-06-12,2022,162,"hayedo_intermedio",4.87107733929507,45.8287947897484,157.086627043884,18.5246182031852,573.127208780894,0.276544810840919,0.276715445068647,20.6343352003594,643.787639641509,4.87107733929507,1,4.68360400777922,1,0.0221319727022183,328474.797444978,0.946768107316343,0.0532318926836567,4.61178067311592,0.259296666179147
2022-07-02,2022,182,"hayedo_intermedio",4.61127178181756,99.443535503101,133.849101825983,18.3536081917881,834.193973688411,0.343565105142333,0.347674774173921,18.4028849757412,611.154895962264,4.87107733929507,0.946663635294466,4.38187329140923,0.935577235848967,-0.0237655386811165,695879.585738062,0.799159395905084,0.147504239389381,3.89276722387799,0.718504557939571
2022-07-12,2022,192,"hayedo_intermedio",4.49569979979256,97.2104799666246,143.039274756373,23.7152999046214,964.931712291728,0.287137497396089,0.304434688836024,25.0639110395328,635.172333113208,4.87107733929507,0.922937470839494,4.29323015291088,0.916650969163928,-0.00733452789435141,931093.209386245,0.780199214358613,0.142738256480881,3.80041071319806,0.695289086594507
2022-07-17,2022,197,"hayedo_intermedio",4.33892475552702,94.6730826469424,134.284764383935,27.9327968005615,1066.53148407526,0.225960069732346,0.255301593484619,29.2432606648697,657.088979811321,4.87107733929507,0.890752589889065,4.14355860421527,0.884694478297704,-0.0187660195837999,1137489.40652379,0.807755080878959,0.0829975090101065,3.93463747016995,0.404287285357068
2022-08-06,2022,217,"hayedo_intermedio",3.5102610574033,10.1569634092095,114.003684177712,20.5367907941966,1361.94502868413,0.181018533446754,0.195065968691428,21.5172608014376,714.980534276729,4.87107733929507,0.720633406718051,3.47804466245623,0.742600069664169,-0.0781393928058693,1854894.26115741,0.623779996341213,0.0968534103768373,3.03848060488325,0.471780452520058
2022-08-16,2022,227,"hayedo_intermedio",3.88622833507244,22.7135186186112,117.386601265554,18.6389398138978,1532.99081251277,0.211411768035569,0.192099480758923,20.2907046460018,648.750628446541,4.87107733929507,0.797817005228426,3.68637487393652,0.787080818065243,0.00254748633301838,2350060.83124855,0.566079395241292,0.231737609987134,2.75741651440171,1.12881182067073
2022-09-05,2022,247,"hayedo_intermedio",3.40347185879732,77.2642494189065,87.421212828116,21.6994608577193,1818.03595984277,0.277491795441889,0.278892537582845,17.0405333495058,553.725239018868,4.87107733929507,0.698710289680982,3.18804699427877,0.680682437922504,-0.0375331679062152,3305254.75128143,0.49595916045396,0.202751129227022,2.41585542770309,0.987616431094234
2022-09-10,2022,252,"hayedo_intermedio",3.24057947038435,74.2740478547393,89.7035812357134,19.0113552645318,1883.69930627531,0.250532374192084,0.255552688234757,18.5127485489668,518.882350471698,4.87107733929507,0.665269558387533,3.06857637010571,0.65517417036303,-0.0452006282736575,3548323.0764621,0.502030005140221,0.163239553247312,2.44542698168472,0.795152488699631
2022-09-20,2022,262,"hayedo_intermedio",3.17772335113686,61.1743195353121,98.9701044231149,13.762971704511,2017.3365146701,0.244732214969659,0.239627542735646,17.5240571284816,504.886400327044,4.87107733929507,0.652365612326069,3.02936084698823,0.646801232972861,-0.0134379582804404,4069646.6134213,0.467454138958944,0.184911473367124,2.2770052634426,0.900718087694263
2022-10-05,2022,277,"hayedo_intermedio",2.95925047928193,70.4539818132477,147.718231232154,16.1815805319221,2145.47224876836,0.317818485715854,0.323055396289945,13.4577452651617,443.327917985456,4.87107733929507,0.607514574940044,2.79017734401169,0.595732973875963,0.00918132001919425,4603051.17023517,0.421349736268007,0.186164838672037,2.05242715225304,0.906823327028884
2022-10-15,2022,287,"hayedo_intermedio",2.40916583736839,91.9427610994328,169.747901841243,17.0814815601213,2250.45621568772,0.349227735331473,0.351424120757065,10.2170476988853,383.970183626228,4.87107733929507,0.494585831748884,2.28756841674576,0.488420543868832,-0.0412035855556345,5064553.1787275,0.438095157455624,0.0564906742932602,2.13399539393699,0.275170443431398
2023-04-08,2023,97,"hayedo_intermedio",1.31289241980096,NA,NA,12.456741587321,22.2882871935704,0.348395209642326,0.359784373697245,19.5873554797844,NA,3.27982766049075,0.400293111621759,1.31522929068378,0.451199901646673,0.190117957390118,496.767746023075,NA,NA,NA,NA
2023-04-18,2023,107,"hayedo_intermedio",1.41599545692608,NA,NA,8.9506622634344,65.841329139534,0.357397487328487,0.365846459970534,15.4635648472597,NA,3.27982766049075,0.431728616104851,1.44454414176706,0.495562393041534,0.0714644344475716,4335.08062286045,NA,NA,NA,NA
2023-07-22,2023,202,"hayedo_intermedio",3.2497204612117,24.1307788238122,196.802631284921,17.7446081677323,1088.67679727583,0.253047685203312,0.265080134073893,20.3942836999102,612.804409396226,3.27982766049075,0.990820493515035,2.86278842580884,0.982102410058583,0.0998531578141001,1185217.16892675,0.855356049142196,0.135464444372839,2.80542042954466,0.444300031667046
2023-07-27,2023,207,"hayedo_intermedio",3.27982766049075,36.8238488644638,203.259253115179,19.1053367454801,1149.94215929364,0.285439939119031,0.267398803738928,20.0012141761006,584.671184773585,3.27982766049075,1,2.91495916972454,1,0.138937188928963,1322366.96972091,0.843647691138779,0.156352308861221,2.76701903310612,0.512808627384625
2023-08-11,2023,222,"hayedo_intermedio",3.13246030637136,40.1441949584047,160.814958530973,21.2858642306218,1345.24279526525,0.235918159005027,0.247130858823188,24.949149163522,617.959301044025,3.27982766049075,0.955068567810866,2.81709917071177,0.966428346568566,0.164315789827841,1809678.17821306,0.754899820414898,0.200168747395967,2.47594131189628,0.656518994475078
2023-08-21,2023,232,"hayedo_intermedio",2.92285625406013,48.872787514328,73.0035663381402,22.9323120820947,1504.92651350074,0.236081705153363,0.241760226915467,20.1682611230907,612.879523836478,3.27982766049075,0.891161535488362,2.62126862465868,0.899247115322848,0.131478986115356,2264803.81103748,0.617005272934268,0.274156262554094,2.02367096083845,0.89918529322168
2023-09-20,2023,262,"hayedo_intermedio",2.79132533045364,178.305491990818,227.178279505146,18.8153360538763,1937.33036667926,0.352468470607414,0.359008665604661,15.3257786028751,472.747637647799,3.27982766049075,0.851058537031786,2.58897143389067,0.888167306348693,0.227928115095392,3753248.9496576,0.6214697781312,0.229588758900585,2.03831376847376,0.75301156197988
2023-09-25,2023,267,"hayedo_intermedio",2.43890060157242,186.597897427978,234.313240969851,18.1994674954525,1988.08530087421,0.359634063528769,0.368058861426587,14.7846116526842,459.646557669418,3.27982766049075,0.743606327537192,2.23023391332231,0.765099537752036,0.12760632952698,3952483.16355211,0.626008300649217,0.117598026887975,2.05319934016611,0.385701261406315
2023-09-30,2023,272,"hayedo_intermedio",2.37690373177129,154.651673506837,231.531600468408,20.646679558744,2058.45863649861,0.320696530851928,0.332194905610954,17.5183827543555,472.507469603381,3.27982766049075,0.72470384965765,2.18530465125524,0.749686195934521,0.136792300345337,4237251.9581757,0.587495019677366,0.137208829980284,1.92688241593838,0.450021315832907
2023-10-05,2023,277,"hayedo_intermedio",2.31419717136641,98.7381046346794,218.742106202125,18.9037397556585,2129.64973063119,0.305932726750084,0.312988544660044,15.1880486672282,467.291414266116,3.27982766049075,0.705584991322425,2.12155918799634,0.727817806174219,0.14126615231745,4535407.97517752,0.560916698160789,0.144668293161636,1.8397101018589,0.474487069507517
2023-10-10,2023,282,"hayedo_intermedio",2.25063766043986,94.9340266095023,217.867338102855,18.1075169089456,2203.00719850249,0.275745877679789,0.290954826762841,15.9796782285455,451.927410338419,3.27982766049075,0.686206073432258,2.06590286506735,0.708724460542814,0.150032999048681,4853240.71665378,0.571609492883524,0.114596580548733,1.87478062575847,0.375857034681391
2024-04-12,2024,102,"hayedo_intermedio",1.33375656256178,NA,NA,14.8686122638375,81.4188815350805,0.366772191829402,0.377599980596226,19.4376937610063,NA,4.33603470397907,0.307598221328307,1.33670385238718,0.346808331572804,0.00378716421076297,6629.03427042348,NA,NA,NA,NA
2024-07-31,2024,212,"hayedo_intermedio",4.33603470397907,37.7755783382664,131.75575586147,23.4404421576414,1100.65509383724,0.250804751174255,0.253166134252488,23.5776714869721,662.86740027673,4.33603470397907,1,3.85430144173617,1,0.159556699695026,1211441.63558986,0.796142419217658,0.203857580782342,3.45210115903762,0.883933544941451
2024-08-05,2024,217,"hayedo_intermedio",4.29643512714552,29.5366927009588,129.75071548222,20.2998308209753,1169.33278232791,0.213975114642449,0.231972844345765,21.9261311626235,669.538948320755,4.33603470397907,0.990867329360346,3.79761644445189,0.9852930555274,0.164553593057362,1367339.15582672,0.764818558208426,0.22604877115192,3.31627981063897,0.980155316506548
2024-08-10,2024,222,"hayedo_intermedio",4.17799421451063,26.1966723282585,104.402225765012,23.3434824977531,1245.37685807186,0.195648429278808,0.21705656431506,21.5232363584906,650.07513909434,4.33603470397907,0.963551839351422,3.7174244042756,0.964487199683346,0.162374642942621,1550963.51862095,0.698882042770377,0.264669796581045,3.03037679144014,1.14761742307049
2024-08-20,2024,232,"hayedo_intermedio",4.08937810013525,32.8239856433021,92.9134660129988,17.484451072421,1382.89982042613,0.25417041378701,0.244367781425172,18.1740164285714,624.868299861635,4.33603470397907,0.943114707173015,3.60762633469839,0.936000048058862,0.168231918851371,1912411.91333462,0.675568853900487,0.267545853272528,2.92928999543988,1.16008810469537
2024-09-14,2024,257,"hayedo_intermedio",3.48961205559996,146.178251854235,186.292442734965,11.5295679368313,1663.75302525327,0.367657711420919,0.370546347440164,11.7750889541779,464.179996748428,4.33603470397907,0.804793387008095,3.14138687864423,0.815034040832363,0.133884438006111,2768074.1290394,0.638458734397919,0.166334652610177,2.76837922940793,0.721232826192029
2024-09-24,2024,267,"hayedo_intermedio",2.83611965219591,175.189300763368,216.529151528686,14.7101835318832,1755.57379869985,0.396345952271915,0.394015785533177,12.9287348960018,408.876332668239,4.33603470397907,0.654081400592407,2.74153857506569,0.711293243797447,0.0738000355723906,3082039.36268143,0.672150447025491,-0.0180690464330844,2.91446766459758,-0.0783480124016629
2025-04-07,2025,96,"hayedo_intermedio",1.32138906563698,NA,NA,11.4365432691274,35.1617146402037,0.372255801154882,0.379558347805991,16.5839902893082,NA,5.04059786082524,0.26214927318575,1.3206132081861,0.271415411454267,0.0267514094672719,1236.34617643911,NA,NA,NA,NA
2025-04-09,2025,98,"hayedo_intermedio",1.32864486391709,NA,NA,13.8185129009703,52.8699333854693,0.353698496548635,0.36341492035104,18.3883409559748,NA,5.04059786082524,0.263588744946927,1.3288048653809,0.273098979356086,-0.00439816686080013,2795.22985618396,NA,NA,NA,NA
2025-04-29,2025,118,"hayedo_intermedio",2.23525260529404,NA,NA,15.5629968487242,165.40015508064,0.376426862720673,0.388757699190696,18.8871893378257,NA,5.04059786082524,0.443449897613552,2.37418290943568,0.487947437779503,-0.106442365336073,27357.2113006998,NA,NA,NA,NA
2025-05-17,2025,136,"hayedo_intermedio",4.61756382291375,181.001351609116,NA,13.071672773861,290.572103958611,0.3848379363054,0.395118516945989,18.7522028400719,533.664206559748,5.04059786082524,0.91607463051174,4.52459956875446,0.929905930068693,0.106862540925345,84432.1475989337,NA,NA,NA,NA
2025-05-29,2025,148,"hayedo_intermedio",4.98574951977735,129.313006305361,NA,19.4213221991837,393.558576235183,0.31439423711045,0.33004042037628,25.1897594519317,603.27475,5.04059786082524,0.989118683425599,4.86565298967416,1,0.0770801517682959,154888.352928264,NA,NA,NA,NA
2025-06-18,2025,168,"hayedo_intermedio",4.97286492198742,83.2414401353313,253.763110826557,21.3345577695835,644.269452999925,0.323246835912548,0.336091566385713,23.0100476621743,643.104744849057,5.04059786082524,0.986562518830508,4.69893971995043,0.965736711993739,-0.0167030298445285,415083.128068822,0.910923794968638,0.0756387238618702,4.59160053229373,0.381264389693694
2025-06-21,2025,171,"hayedo_intermedio",5.04059786082524,81.2408983030927,230.694002175389,22.3657434075634,699.439565816917,0.29716521089182,0.310305154548501,25.2861784564241,664.277698477987,5.04059786082524,1,4.73453404849618,0.973052138848323,-0.00802260586778092,489215.706230158,0.906786983249364,0.0932130167506361,4.57074852799092,0.469849332834324
2025-06-28,2025,178,"hayedo_intermedio",4.90580940562623,89.491152788319,218.80415909368,21.8803398388237,808.266629604126,0.279748448785746,0.2852780968888,24.3851447906559,658.645395849057,5.04059786082524,0.973259430940412,4.59928335905524,0.945255111454885,-0.0246335524209305,653294.944531613,0.912493964566631,0.0607654663737802,4.59951512581051,0.306294279815725
2025-07-01,2025,181,"hayedo_intermedio",4.91535820064027,76.4854487995271,211.248008133766,23.7382351601399,866.139001984668,0.242521551919933,0.261047383274422,27.2705210799641,682.373649698113,5.04059786082524,0.975153808408657,4.59016162932078,0.943380392942525,-0.0188386628851372,750196.770758997,0.926385019234059,0.0487687891745987,4.66953434625175,0.24582385438852
2025-07-16,2025,196,"hayedo_intermedio",4.56323897014598,47.319245215911,143.969615064596,19.9013947164988,1070.83151130197,0.293161482181189,0.284459343496359,20.1432411293801,712.625148974843,5.04059786082524,0.905297168340044,4.21905446464983,0.867109609666671,-0.0405360447628703,1146680.12559725,0.779987375605508,0.125309792734536,3.93160269694782,0.631636273198155
2025-08-07,2025,218,"hayedo_intermedio",4.28325504455828,59.9405470375986,103.128254311113,22.059755191763,1342.56480366849,0.224868874379924,0.242429696788828,23.4775903755615,611.194576044025,5.04059786082524,0.849751391168711,3.92219860230148,0.806099121870205,-0.010826764780215,1802480.25204941,0.696140874806629,0.153610516362083,3.5089662043833,0.774288840174975
2025-08-10,2025,221,"hayedo_intermedio",4.32334390346403,48.695298498886,98.8877422692881,24.6442541310373,1395.10710349813,0.199484731166368,0.224841056879711,24.6319609209344,606.689323886792,5.04059786082524,0.857704586407179,3.9706307029659,0.816052996667114,0.01030280742755,1946323.83023094,0.658149564567229,0.19955502183995,3.31746728726064,1.00587661620339
2025-08-15,2025,226,"hayedo_intermedio",4.06685335322624,36.2733038274502,83.5925490433611,28.343155289496,1499.20760880716,0.179029992541427,0.205633170949588,22.942228245283,626.671550339623,5.04059786082524,0.806819640351237,3.64918809496062,0.749989385331196,-0.0379846491688687,2247623.4543053,0.575417691132743,0.231401949218494,2.90044918300471,1.16640417022153
2025-08-25,2025,236,"hayedo_intermedio",3.69264242210489,56.9064175976831,115.06619769449,22.6893734746009,1642.65594475465,0.287351818204676,0.285291994142832,16.6644502273136,607.766174981132,5.04059786082524,0.732580246244904,3.28216624163574,0.674558224476987,-0.0801302913565868,2698318.55283778,0.57368285134081,0.158897394904094,2.89170455326061,0.800937868844278
2025-09-06,2025,248,"hayedo_intermedio",3.454740630339,85.4676808166783,145.408227854277,22.4905768644385,1790.46538748751,0.30668707713641,0.31265408987769,17.1471732955975,541.756812823899,5.04059786082524,0.685383108457971,3.07976114308275,0.6329594711375,-0.0817801880693207,3205766.30379082,0.529264330711328,0.156118777746643,2.66780865319462,0.78693197714438
2025-09-14,2025,256,"hayedo_intermedio",3.14356989357196,104.011269919884,140.284573747334,17.6603400936167,1878.90688775661,0.32754767715806,0.320663962973989,11.4781586415094,446.083914880503,5.04059786082524,0.623650205862146,2.93392732915182,0.602987376078437,-0.0821345719410211,3530291.09285922,0.489240563335788,0.134409642526358,2.46606493697931,0.677504956592646
2025-09-26,2025,268,"hayedo_intermedio",3.13386463757216,105.749965912904,169.575418301178,11.9461723687514,2001.76934641633,0.360353685774893,0.361096343154427,11.9123265714286,418.135790792453,5.04059786082524,0.621724788229602,2.84588994850756,0.584893734622481,-0.0478261540750633,4007080.51625204,0.513127696968392,0.10859709126121,2.58647037166906,0.5473942659031
2025-10-06,2025,278,"hayedo_intermedio",2.85003750695536,84.4873271114971,169.955007928175,11.9895632066067,2089.57329278143,0.330185934182733,0.320404614042686,13.3494104107704,388.572122396226,5.04059786082524,0.565416560822163,2.61663485463668,0.537776709557726,-0.0433154276738287,4366316.54590541,0.479148167500235,0.0862683933219281,2.41519322812002,0.434844278835342
2018-04-19,2018,108,"hayedo_remoto",1.42449751479788,NA,NA,16.8147170292757,93.515880032106,0.357319735880918,0.369543895781415,17.9843454528302,NA,4.31087772323569,0.330442570226433,1.3647074027881,0.335333739324066,-0.104791742808515,8745.21981817924,NA,NA,NA,NA
2018-04-24,2018,113,"hayedo_remoto",2.1737089412953,NA,NA,16.5087249387985,147.01973611124,0.358709497271844,0.358228383574096,22.6735537915544,NA,4.31087772323569,0.504238134517011,1.94344864184675,0.477541119014464,-0.0413110264739248,21614.8028062185,NA,NA,NA,NA
2018-06-03,2018,153,"hayedo_remoto",4.31087772323569,142.259942383889,335.562072612116,16.5692172924178,417.385116584347,0.408331071305825,0.408040185644442,15.8916442659479,521.507378465409,4.31087772323569,1,4.05879508695672,0.997320693709669,0.0471867131046513,174210.335546129,0.957365132719594,0.0426348672804063,4.12708402364348,0.183793699592214
2018-06-23,2018,173,"hayedo_remoto",4.03825817193312,187.777250368341,272.446584728035,16.6167284471684,617.478712688904,0.322930675882463,0.334519063401772,20.6393058167116,507.357901044025,4.31087772323569,0.936760082562039,4.06969905724053,1,0.0210476797544259,381279.960623946,0.913870339257198,0.0228897433048405,3.9395832874297,0.0986748845034202
2018-07-08,2018,188,"hayedo_remoto",3.61530788957248,145.100023326316,311.928066363603,19.9408178693344,827.104015189599,0.373413261877416,0.376322040517875,20.4672349541779,596.528238125786,4.31087772323569,0.838647746858121,3.8213018175825,0.938964224095121,-0.000365763608699998,684101.051942756,0.890466594136994,-0.0518188472788734,3.83869260395072,-0.223384714378248
2018-07-13,2018,193,"hayedo_remoto",3.55232030843128,108.249529614514,309.213565933099,19.3879198542181,897.273141848169,0.380269134569468,0.374812919388777,22.8811682596586,636.828081427673,4.31087772323569,0.82403643445608,3.49326133530441,0.858358636884816,-0.0616160753197095,805099.091082084,0.878647380930542,-0.0546109464744621,3.78774142103286,-0.235421112601575
2018-07-23,2018,203,"hayedo_remoto",3.32220785454008,151.274963596787,339.052213965128,20.1881881074086,1033.89893536518,0.37288008196049,0.380667129652555,19.7427851662174,631.089083679245,4.31087772323569,0.770656944555243,3.37517513997751,0.829342684190032,-0.0486471916287321,1068947.00854925,0.855542828363881,-0.0848858838086383,3.68814052006791,-0.365932665527832
2018-08-02,2018,213,"hayedo_remoto",3.29290928345664,108.498522767936,249.961217784506,21.6150812336984,1183.3021305884,0.317928564123638,0.32587616648564,18.114983230009,593.484373037736,4.31087772323569,0.763860516318479,3.31874949515125,0.815477864203928,-0.0209436219749821,1400203.93225504,0.797218416931566,-0.0333579006130867,3.43671111410351,-0.143801830646866
2018-08-12,2018,223,"hayedo_remoto",3.21722688453103,128.443882321176,236.69341193569,20.6038759843359,1336.73440294166,0.37686602874372,0.373433652913795,19.7044628221024,598.578950308176,4.31087772323569,0.74630437026551,3.24061933100901,0.796279844143148,-0.00223786128253733,1786858.8640078,0.77781158327655,-0.03150721301104,3.35305062722156,-0.135823742690534
2018-08-22,2018,233,"hayedo_remoto",3.1004622125009,94.6403320050846,245.915295601872,20.6083416472941,1460.81665854304,0.323428973711761,0.335483552025049,19.328071933513,590.69118263522,4.31087772323569,0.719218315052028,3.09799129540425,0.761233509365395,-0.00324722184838044,2133985.30987687,0.734878660109171,-0.0156603450571423,3.16797204514592,-0.067509832645019
2018-08-27,2018,238,"hayedo_remoto",2.98024460979736,91.8101892232146,242.139955843256,19.5110072393837,1523.79648448057,0.305487920653145,0.314801644979033,19.7916068814016,593.971691918239,4.31087772323569,0.691331278949019,2.99899024166161,0.736907127401967,-0.0112745112425878,2321955.72611534,0.725354284430949,-0.0340230054819303,3.12691362620694,-0.146669016409579
2018-09-01,2018,243,"hayedo_remoto",2.98117189246015,97.6994804710576,206.198003238994,17.4120892122857,1589.45294047822,0.305541428380043,0.307775641387364,19.8897243728661,590.285416106918,4.31087772323569,0.691546381933219,2.98561197137963,0.733619840038992,0.00185643950876757,2526360.64999485,0.678878168413734,0.012668213519485,2.92656077300581,0.0546111194543411
2018-09-11,2018,253,"hayedo_remoto",2.76495499593715,52.9137441295952,181.357626450771,19.5817593172661,1714.8450847074,0.332176754309696,0.330330355362322,15.253750950584,536.35514145283,4.31087772323569,0.6413902628307,2.76338771386064,0.6790152478091,-0.0176368641460973,2940693.66454512,0.596803789037393,0.0445864737933078,2.57274815930395,0.192206836633202
2018-09-26,2018,268,"hayedo_remoto",2.49859177152327,44.898759254331,136.708948477546,17.4473760536882,1911.14072811599,0.267658781455498,0.272478246588877,16.6677964778751,514.556534917453,4.31087772323569,0.57960163380553,2.45299408880175,0.602745818376313,-0.0299740703212316,3652458.88266371,0.538064190760965,0.041537443044565,2.31952893362228,0.179062837900986
2018-10-16,2018,288,"hayedo_remoto",2.21916803216861,73.3337415975873,116.18819239419,13.5262627375701,2102.09424162331,0.370676190598206,0.372921489319711,11.0881321302785,437.36931511191,4.31087772323569,0.514783339876996,2.20740886145128,0.542401005677314,0.0187042884935092,4418800.20066589,0.403554991528405,0.111228348348591,1.73967622308037,0.47949180908824
2018-10-21,2018,293,"hayedo_remoto",1.99747199947712,74.7500333909344,121.521094564183,15.5947924743909,2148.68054915295,0.357851300349525,0.355668647234295,9.45283370979335,392.838704872916,4.31087772323569,0.463356218319698,1.9629957207651,0.482344196255167,-0.011299501389174,4616828.10230821,0.384345317586432,0.0790109007332666,1.6568656676133,0.340606331863825
2019-04-29,2019,118,"hayedo_remoto",2.51938426771394,NA,NA,10.5606155139596,122.354707070917,0.355307766976346,0.362469882085388,17.6310673135669,NA,4.86790554223099,0.517549949533182,2.08068214229817,0.430607222976634,-0.163782580138942,14970.6743424099,NA,NA,NA,NA
2019-05-14,2019,133,"hayedo_remoto",4.37279682876753,79.2164070590295,NA,12.5762443406527,209.301629305187,0.316105098844324,0.325505190675364,21.5147694573226,579.911311371069,4.86790554223099,0.89829122418909,4.08609681518911,0.84563747947528,0.0547835566763841,43807.1720298058,NA,NA,NA,NA
2019-06-08,2019,158,"hayedo_remoto",4.86790554223099,125.787807012474,212.015755645404,12.6314681814902,401.078054744794,0.371703673708614,0.371765248680515,22.8515336136568,626.226472050314,4.86790554223099,1,4.71176049599498,0.975121601356377,0.00630845011133496,160863.605997868,0.981204019634338,0.0187959803656621,4.77640848523732,0.0914970569936715
2019-06-13,2019,163,"hayedo_remoto",4.431137027737,141.091514258122,220.307921317152,13.15822602358,433.159260776609,0.371865496445502,0.37324190489651,20.0817174770889,601.012165333333,4.86790554223099,0.910275885449122,4.62273950981493,0.95669827812677,-0.0226561118815526,187626.945196539,0.976713453244508,-0.0664375677953869,4.75454883222051,-0.323411804483511
2019-06-18,2019,168,"hayedo_remoto",4.6443275182682,83.4035103848985,198.141200995485,21.1711993931225,489.868913187473,0.325773768954807,0.339174927905421,24.1967175274034,638.982424886792,4.86790554223099,0.954071001989837,4.55349020007182,0.942366798870359,-0.0400729429679079,239971.552107475,0.93321355787282,0.0208574441170173,4.5427954504542,0.101532067814001
2019-06-28,2019,178,"hayedo_remoto",4.5374228197391,85.1165319625222,198.665882135999,21.583988296061,638.909696835694,0.282834210985612,0.304947211807379,26.092605737646,694.32670391195,4.86790554223099,0.932109873615085,4.46429481267128,0.923907382465483,-0.0459812814103323,408205.600710678,0.912571385518036,0.0195384880970491,4.44231130524466,0.0951115144944392
2019-08-07,2019,218,"hayedo_remoto",3.61612773201285,90.4632418769249,175.7451322976,20.2114671175335,1204.24414085772,0.3555648671756,0.334220368907137,18.8761522722372,632.648635767296,4.86790554223099,0.742850842244479,3.24559641077322,0.671691859575594,-0.145234027074826,1450203.95079016,0.726510022831158,0.016340819413321,3.53658216662615,0.079545565386701
2019-08-17,2019,228,"hayedo_remoto",3.78255183874263,86.7594306660784,170.733701072548,20.7290645039557,1337.81848946738,0.294518504752553,0.304594109893095,21.0546094249775,601.534942,4.86790554223099,0.777038873480086,3.73673791696324,0.773335967423539,-0.00778987215106108,1789758.31076077,0.702262020441436,0.0747768530386503,3.4185451814052,0.364006657337438
2019-08-22,2019,233,"hayedo_remoto",3.55566568049229,100.5549701793,161.660342706774,17.0320208511513,1396.01628585112,0.322222475735646,0.316820050185581,20.2325772614555,575.509628150943,4.86790554223099,0.730430294845596,3.50824530578931,0.726048317489843,-0.0384324137239326,1948861.47036155,0.662019750876137,0.0684105439694588,3.22264961435632,0.333016066135965
2019-09-16,2019,258,"hayedo_remoto",3.11412237019782,47.6174710496003,134.376901715679,19.4225375961208,1705.94291514751,0.2732372103997,0.261720868776429,16.8512825444744,552.335806358491,4.86790554223099,0.639725307564329,3.15319992373159,0.652569960132631,-0.0245391773071675,2910241.22974198,0.609189193463445,0.0305361141008844,2.96547545112793,0.148646919069893
2019-09-26,2019,268,"hayedo_remoto",2.88393696256851,36.0759980335457,114.186208913392,16.5980354828905,1833.78221853005,0.284050965459092,0.262647763738092,13.4163762682502,494.805218972091,4.86790554223099,0.59243897350703,2.77875732870441,0.575077255826183,-0.0576426328713612,3362757.22499698,0.542518375173872,0.0499205983331584,2.64092820527104,0.243008757297469
2019-10-11,2019,283,"hayedo_remoto",2.53301777210925,30.6242539011543,77.1491778194425,17.5451928808505,1990.51149836607,0.261511538763466,0.249816888533298,12.7028904868283,420.839798173128,4.86790554223099,0.520350641592022,2.47636522187933,0.512495748193221,-0.0404678556340795,3962136.02512752,0.45225566496418,0.0680949766278426,2.20153785798449,0.331479914124765
2019-10-26,2019,298,"hayedo_remoto",2.38053975823363,145.25836635609,181.334364389636,13.7747783444963,2117.17606929244,0.380998699420153,0.386855529789155,8.23442655705301,334.640265119276,4.86790554223099,0.489027516573917,2.22011279734617,0.45946307075246,-0.00367100886770882,4482434.50838457,0.52042973092944,-0.0314022143555232,2.5334027715332,-0.152863013299577
2020-05-18,2020,138,"hayedo_remoto",3.88914136296687,135.766863739126,NA,12.3246523603204,368.821347633699,0.371627455737356,0.381609986163285,15.6918223629829,496.367973924528,4.20815765875901,0.924190982928568,3.91888888638914,0.970572468793484,0.127613511402101,136029.186470338,NA,NA,NA,NA
2020-05-28,2020,148,"hayedo_remoto",4.20815765875901,83.6653482726214,NA,20.1187925942539,476.41417614839,0.295818172910678,0.311202686537737,24.1773728751123,612.509545490566,4.20815765875901,1,4.0377086847113,1,0.0770801517682959,226970.467235149,NA,NA,NA,NA
2020-06-22,2020,173,"hayedo_remoto",3.7746621333922,105.78207876497,224.742378011372,16.7284594985674,713.370634430061,0.334570462848655,0.347844963053737,23.1291201617251,634.893113295597,4.20815765875901,0.89698686206195,3.63764892936418,0.900919113639392,-0.0780332066061823,508897.662067148,0.894771367243765,0.00221549481818439,3.76533898190512,0.00932315148708351
2020-06-27,2020,178,"hayedo_remoto",3.87488123069408,121.0636815332,204.729029805821,19.0864870387304,789.915843379024,0.363233524298518,0.351820932244355,24.5113053998203,616.045899408805,4.20815765875901,0.920802295187008,3.75542770625005,0.930088820045363,-0.0397998438304529,623967.039621195,0.868044892839187,0.0527574023478207,3.65286976394787,0.222011466746212
2020-07-22,2020,203,"hayedo_remoto",2.47070574045665,39.3314060676023,145.113484832572,21.1487905258403,1090.31971668268,0.23534819764911,0.248016361920339,23.5546993198562,661.602286949685,4.20815765875901,0.587122902896483,3.12483571435265,0.773913117155969,-0.104076758662796,1188797.08458699,0.811692620296991,-0.224569717400508,3.41573051666095,-0.945024776204293
2020-07-27,2020,208,"hayedo_remoto",3.26161423599144,23.1246206500101,144.18830218321,21.9404144910896,1162.02282992269,0.197196486611036,0.223273092845701,24.7908439398023,674.013360691824,4.20815765875901,0.775069401024602,3.18382506509746,0.788522727544199,-0.0683568799056635,1350297.05726154,0.768668294772755,0.00640110625184698,3.2346773716932,0.0269368642982402
2020-08-06,2020,218,"hayedo_remoto",3.01761577329266,22.6665369328246,109.428034581212,24.4027541922324,1311.65186506468,0.191598972184603,0.204739196245525,21.0185183495058,675.246714773585,4.20815765875901,0.717087147866642,2.93278455942935,0.726348726081769,-0.0905771605686517,1720430.61512764,0.656828333706211,0.0602588141604308,2.76403718297571,0.253578590316952
2020-08-16,2020,228,"hayedo_remoto",2.96529949432257,29.3400811966505,71.3927252693121,17.7109926515656,1474.60429602169,0.256291403460553,0.218431953114284,18.51629355885,662.657689918239,4.20815765875901,0.704655037852609,2.73549107064085,0.677485991250119,-0.10363984832448,2174457.82984564,0.59906969586329,0.105585341989319,2.52097972877753,0.444319765545041
2020-08-26,2020,238,"hayedo_remoto",2.79072326019917,42.2711635342958,65.3957841843059,19.5221082003612,1623.61635293621,0.234395996829499,0.218684393904744,18.6210306828392,596.082635018868,4.20815765875901,0.663169844502013,2.62534889977083,0.650207606534779,-0.0979740321097754,2636130.06152188,0.541354526592052,0.121815317909961,2.2781051971822,0.512618063016967
2020-08-31,2020,243,"hayedo_remoto",2.85861964659439,58.3340603237811,80.0939899441571,14.823867196457,1673.80271375724,0.315814444104081,0.257625561840129,16.7091042785265,572.414048006289,4.20815765875901,0.679304312813555,2.60712029178931,0.645693014372512,-0.0860703861577122,2801615.52458111,0.562845527590145,0.11645878522341,2.36854271762672,0.490076928967665
2020-09-10,2020,253,"hayedo_remoto",2.57357890465537,47.2790919850695,67.8879898307245,17.593765001277,1791.99343559297,0.203580406476867,0.214542402411407,19.7276479415993,568.757629735849,4.20815765875901,0.611569031711213,2.42753518123462,0.601216028889461,-0.0954360830657367,3211240.47320831,0.476027828532367,0.135541203178845,2.0032001524209,0.570378752234469
2020-09-15,2020,258,"hayedo_remoto",2.38446691997087,38.177863520809,67.5179447174594,22.2045046632395,1873.63519073103,0.181256582152169,0.199102995530614,19.4706140179694,565.830706710692,4.20815765875901,0.566629654430307,2.26135200045248,0.560058235259776,-0.117050902180023,3510508.8279457,0.414884691704319,0.151744962725988,1.7459001928974,0.638566727073465
2020-09-30,2020,273,"hayedo_remoto",2.3561862023907,95.874049448146,154.208109771927,14.4597581491531,2028.90906819278,0.354897209183475,0.35811851559445,11.3038931376909,488.445912082891,4.20815765875901,0.559909203374654,2.22882688636076,0.552002895800821,-0.0557563193037882,4116472.00699489,0.476269942785309,0.0836392605893447,2.00421900736871,0.351967195021991
2020-10-30,2020,303,"hayedo_remoto",1.42586612640283,166.93127105962,262.805320507766,11.2206314398808,2214.52716914883,0.377835253749503,0.38603043806128,8.48241018867924,264.459372719283,4.20815765875901,0.338833818033167,1.4031824847989,0.347519495428687,-0.0849177029250264,4904130.58289834,0.623763857182844,-0.284930039149677,2.62489665286104,-1.19903052645822
2021-04-23,2021,112,"hayedo_remoto",1.71445723614159,NA,NA,13.6607901559186,71.7082700005621,0.298154301113552,0.305966078360376,20.5100483225517,NA,4.53637235931314,0.377935738150291,1.51517336993256,0.346306780436796,-0.157018602638805,5142.07598647352,NA,NA,NA,NA
2021-05-08,2021,127,"hayedo_remoto",3.20653418597409,71.1651042710359,NA,18.9520088835583,163.092930529453,0.327908274012792,0.330947478112435,20.807024834681,550.407614754717,4.53637235931314,0.706849864163178,2.80316324720164,0.640688688463659,-0.078068275029097,26599.3039886851,NA,NA,NA,NA
2021-06-02,2021,152,"hayedo_remoto",4.53637235931314,110.084462062605,179.427660136638,18.0145731696043,352.144891668517,0.390406338673718,0.379187206052384,22.6447504690027,569.353650201258,4.53637235931314,1,4.35104486342173,0.994471238796062,0.049090237286061,124006.024728232,0.985566120531022,0.0144338794689779,4.47089490745241,0.0654774518607288
2021-06-07,2021,157,"hayedo_remoto",4.52133308247769,166.786522141081,237.951626412117,14.7404008965323,393.096787240372,0.366064979345294,0.376485598662114,17.6918666684636,552.491611025157,4.53637235931314,0.996684734928214,4.3207894018071,0.987556075349876,0.0218106044098503,154525.084138702,0.989807627532307,0.00687710739590708,4.49013596257487,0.0311971199028207
2021-06-12,2021,162,"hayedo_remoto",4.52295983956245,116.618931670673,215.129129302705,18.3612117551408,448.8152900168,0.322396520298732,0.334924305509971,23.3701051320755,564.018748987421,4.53637235931314,0.997043338004837,4.37523449012888,1,0.0221319727022183,201435.164552864,0.949173195631979,0.0478701423728582,4.30580304886583,0.217156790696619
2021-07-02,2021,182,"hayedo_remoto",4.2978612359131,189.12180114823,299.206263210836,18.6114151056958,678.745445025144,0.34228293700788,0.353932226229014,19.5074309218329,593.042475308176,4.53637235931314,0.947422498748284,4.19765056260837,0.959411563443932,6.87889138487607e-05,460695.379142381,0.903303880699844,0.0441186180484395,4.09772275646707,0.200138479446035
2021-07-17,2021,197,"hayedo_remoto",4.07018983960607,93.6290475948557,268.115290635053,17.2805707383706,839.531255947571,0.332554759219507,0.339829293936803,17.4531953207547,567.82403372327,4.53637235931314,0.897234511900241,3.94630508452501,0.90196424749997,-0.00149625038153378,704812.729712906,0.872015289239794,0.0252192226604467,3.95578605500585,0.114403784600214
2021-07-22,2021,202,"hayedo_remoto",3.9353574307654,55.7607805264675,262.201537783414,22.3144925739281,914.343268574011,0.277316663250233,0.297230180704369,25.200301458221,603.445008119497,4.53637235931314,0.867511993958375,3.85170491720455,0.880342510988729,-0.00190674125575396,836023.612786607,0.884103947647488,-0.016591953689113,4.01062471086769,-0.0752672801022962
2021-08-11,2021,222,"hayedo_remoto",3.57884664736289,52.2627352209102,205.365967992163,20.6618938430051,1148.83099678488,0.307414140841246,0.302637561062347,19.4156088203055,599.12708145283,4.53637235931314,0.78892259362606,3.47881120147786,0.795114229723349,-0.00699832701737635,1319812.65917373,0.793299782522782,-0.00437718889672278,3.59870320608547,-0.0198565587225858
2021-08-26,2021,237,"hayedo_remoto",3.49542528062039,41.9797886258941,84.1292106318153,19.1369856652474,1340.76485258938,0.229100997093089,0.247521439938175,19.451253769991,558.966865257862,4.53637235931314,0.770533149344388,3.37091378608727,0.770453285119346,0.0190178199554515,1797650.38993903,0.684093152731547,0.0864399966128409,3.10330126924677,0.392124011373613
2021-08-31,2021,242,"hayedo_remoto",3.2806590690016,32.5400795195924,81.9704110164038,17.4801304079452,1398.34040221289,0.205783572086998,0.22877715168759,21.0726860422282,583.066843427673,4.53637235931314,0.723189987318045,3.18164864899052,0.727195000900808,-0.0078850960804846,1955355.8804609,0.649579418748868,0.0736105685691767,2.94673412039106,0.333924948610537
2021-09-05,2021,247,"hayedo_remoto",3.31030573954633,52.028302147366,108.171331836913,22.3270637048366,1465.19950126712,0.328721844175327,0.326014176854547,16.2282250260557,555.700483937107,4.53637235931314,0.729725312947535,3.18655136960955,0.728315562697001,0.0100999568682819,2146809.57851343,0.577187197507346,0.152538115440189,2.61833604892174,0.691969690624589
2021-09-30,2021,272,"hayedo_remoto",2.72312793382521,113.394356345653,145.934435865246,13.4085954814088,1765.09581055392,0.35844423386036,0.353761022695705,12.9129348632075,403.36823419942,4.53637235931314,0.600287568597549,2.57741552786778,0.58909197522619,-0.0238019203629943,3115563.22043499,0.536822949589642,0.0634646190079067,2.4352287903634,0.287899143461807
2022-05-28,2022,147,"hayedo_remoto",4.41392807154036,42.0025553359317,NA,14.4339207327341,401.460907405479,0.304889517010383,0.305546853527333,16.4342612955975,604.600928924528,4.79828066326864,0.919897851188545,4.5290228389207,0.966995252245542,0.0505542641353064,161170.86017483,NA,NA,NA,NA
2022-06-12,2022,162,"hayedo_remoto",4.79828066326864,45.8287947897484,157.086627043884,18.5246182031852,573.127208780894,0.276544810840919,0.276715445068647,20.6343352003594,643.787639641509,4.79828066326864,1,4.68360400777922,1,0.0221319727022183,328474.797444978,0.946768107316343,0.0532318926836567,4.54285910193546,0.255421561333181
2022-07-02,2022,182,"hayedo_remoto",4.47887432199343,99.443535503101,133.849101825983,18.3536081917881,834.193973688411,0.343565105142333,0.347674774173921,18.4028849757412,611.154895962264,4.79828066326864,0.933433168317915,4.38187329140923,0.935577235848967,-0.0237655386811165,695879.585738062,0.799159395905084,0.134273772412831,3.83459107624081,0.64428324575262
2022-07-12,2022,192,"hayedo_remoto",4.39539532382967,97.2104799666246,143.039274756373,23.7152999046214,964.931712291728,0.287137497396089,0.304434688836024,25.0639110395328,635.172333113208,4.79828066326864,0.916035478599013,4.29323015291088,0.916650969163928,-0.00733452789435141,931093.209386245,0.780199214358613,0.135836264240399,3.74361480375432,0.651780520075357
2022-07-17,2022,197,"hayedo_remoto",4.24931448781363,94.6730826469424,134.284764383935,27.9327968005615,1066.53148407526,0.225960069732346,0.255301593484619,29.2432606648697,657.088979811321,4.79828066326864,0.885591066054681,4.14355860421527,0.884694478297704,-0.0187660195837999,1137489.40652379,0.807755080878959,0.0778359851757217,3.8758355852385,0.373478902575129
2022-08-06,2022,217,"hayedo_remoto",3.51126599084856,10.1569634092095,114.003684177712,20.5367907941966,1361.94502868413,0.181018533446754,0.195065968691428,21.5172608014376,714.980534276729,4.79828066326864,0.731775866661507,3.47804466245623,0.742600069664169,-0.0781393928058693,1854894.26115741,0.623779996341213,0.107995870320293,2.99307149457782,0.518194496270731
2022-08-16,2022,227,"hayedo_remoto",3.77822740621223,22.7135186186112,117.386601265554,18.6389398138978,1532.99081251277,0.211411768035569,0.192099480758923,20.2907046460018,648.750628446541,4.79828066326864,0.787412757060039,3.68637487393652,0.787080818065243,0.00254748633301838,2350060.83124855,0.566079395241292,0.221333361818747,2.71620781606109,1.06201959015114
2022-09-05,2022,247,"hayedo_remoto",3.28904080345646,77.2642494189065,87.421212828116,21.6994608577193,1818.03595984277,0.277491795441889,0.278892537582845,17.0405333495058,553.725239018868,4.79828066326864,0.685462363349112,3.18804699427877,0.680682437922504,-0.0375331679062152,3305254.75128143,0.49595916045396,0.189503202895153,2.37975124937718,0.909289554079284
2022-09-10,2022,252,"hayedo_remoto",3.1662684779711,74.2740478547393,89.7035812357134,19.0113552645318,1883.69930627531,0.250532374192084,0.255552688234757,18.5127485489668,518.882350471698,4.79828066326864,0.659875630495988,3.06857637010571,0.65517417036303,-0.0452006282736575,3548323.0764621,0.502030005140221,0.157845625355766,2.40888086604498,0.757387611926118
2022-09-20,2022,262,"hayedo_remoto",3.12789739563204,61.1743195353121,98.9701044231149,13.762971704511,2017.3365146701,0.244732214969659,0.239627542735646,17.5240571284816,504.886400327044,4.79828066326864,0.651878790579393,3.02936084698823,0.646801232972861,-0.0134379582804404,4069646.6134213,0.467454138958944,0.184424651620448,2.24297615593159,0.884921239700453
2022-10-05,2022,277,"hayedo_remoto",2.89518672256302,70.4539818132477,147.718231232154,16.1815805319221,2145.47224876836,0.317818485715854,0.323055396289945,13.4577452651617,443.327917985456,4.79828066326864,0.603380028335147,2.79017734401169,0.595732973875963,0.00918132001919425,4603051.17023517,0.421349736268007,0.18203029206714,2.02175429200812,0.873432430554901
2022-10-15,2022,287,"hayedo_remoto",2.38260276623347,91.9427610994328,169.747901841243,17.0814815601213,2250.45621568772,0.349227735331473,0.351424120757065,10.2170476988853,383.970183626228,4.79828066326864,0.496553439333501,2.28756841674576,0.488420543868832,-0.0412035855556345,5064553.1787275,0.438095157455624,0.0584582818778769,2.10210352269095,0.280499243542524
2023-04-08,2023,97,"hayedo_remoto",1.31858989587271,NA,NA,12.456741587321,22.2882871935704,0.348395209642326,0.359784373697245,19.5873554797844,NA,2.86767815176051,0.45981097811245,1.31522929068378,0.451199901646673,0.190117957390118,496.767746023075,NA,NA,NA,NA
2023-04-18,2023,107,"hayedo_remoto",1.49169491321822,NA,NA,8.9506622634344,65.841329139534,0.357397487328487,0.365846459970534,15.4635648472597,NA,2.86767815176051,0.520175150165454,1.44454414176706,0.495562393041534,0.0714644344475716,4335.08062286045,NA,NA,NA,NA
2023-07-22,2023,202,"hayedo_remoto",2.8475568687463,24.1307788238122,196.802631284921,17.7446081677323,1088.67679727583,0.253047685203312,0.265080134073893,20.3942836999102,612.804409396226,2.86767815176051,0.992983423540099,2.86278842580884,0.982102410058583,0.0998531578141001,1185217.16892675,0.855356049142196,0.137627374397904,2.45288585410127,0.394671014645033
2023-07-27,2023,207,"hayedo_remoto",2.86767815176051,36.8238488644638,203.259253115179,19.1053367454801,1149.94215929364,0.285439939119031,0.267398803738928,20.0012141761006,584.671184773585,2.86767815176051,1,2.91495916972454,1,0.138937188928963,1322366.96972091,0.843647691138779,0.156352308861221,2.41931005166188,0.448368100098635
2023-08-11,2023,222,"hayedo_remoto",2.80706362603926,40.1441949584047,160.814958530973,21.2858642306218,1345.24279526525,0.235918159005027,0.247130858823188,24.949149163522,617.959301044025,2.86767815176051,0.978862856110946,2.81709917071177,0.966428346568566,0.164315789827841,1809678.17821306,0.754899820414898,0.223963035696048,2.16480972177174,0.642253904267517
2023-08-21,2023,232,"hayedo_remoto",2.60056197905699,48.872787514328,73.0035663381402,22.9323120820947,1504.92651350074,0.236081705153363,0.241760226915467,20.1682611230907,612.879523836478,2.86767815176051,0.906852806149277,2.62126862465868,0.899247115322848,0.131478986115356,2264803.81103748,0.617005272934268,0.289847533215009,1.76937254071463,0.831189438342361
2023-09-20,2023,262,"hayedo_remoto",2.3866175373277,178.305491990818,227.178279505146,18.8153360538763,1937.33036667926,0.352468470607414,0.359008665604661,15.3257786028751,472.747637647799,2.86767815176051,0.832247348211834,2.58897143389067,0.888167306348693,0.227928115095392,3753248.9496576,0.6214697781312,0.210777570080634,1.7821753047263,0.604442232601405
2023-09-25,2023,267,"hayedo_remoto",2.23365906150305,186.597897427978,234.313240969851,18.1994674954525,1988.08530087421,0.359634063528769,0.368058861426587,14.7846116526842,459.646557669418,2.86767815176051,0.778908560617853,2.23023391332231,0.765099537752036,0.12760632952698,3952483.16355211,0.626008300649217,0.152900259968636,1.79519032659249,0.438468734910561
2023-09-30,2023,272,"hayedo_remoto",2.20164613821532,154.651673506837,231.531600468408,20.646679558744,2058.45863649861,0.320696530851928,0.332194905610954,17.5183827543555,472.507469603381,2.86767815176051,0.767745200717064,2.18530465125524,0.749686195934521,0.136792300345337,4237251.9581757,0.587495019677366,0.180250181039698,1.6847466321969,0.516899506018418
2023-10-05,2023,277,"hayedo_remoto",2.14302256360768,98.7381046346794,218.742106202125,18.9037397556585,2129.64973063119,0.305932726750084,0.312988544660044,15.1880486672282,467.291414266116,2.86767815176051,0.747302329688582,2.12155918799634,0.727817806174219,0.14126615231745,4535407.97517752,0.560916698160789,0.186385631527793,1.60852856027334,0.534494003334337
2023-10-10,2023,282,"hayedo_remoto",2.07956163700254,94.9340266095023,217.867338102855,18.1075169089456,2203.00719850249,0.275745877679789,0.290954826762841,15.9796782285455,451.927410338419,2.86767815176051,0.72517260548429,2.06590286506735,0.708724460542814,0.150032999048681,4853240.71665378,0.571609492883524,0.153563112600765,1.63919205408099,0.440369582921555
2024-04-12,2024,102,"hayedo_remoto",1.34066600609881,NA,NA,14.8686122638375,81.4188815350805,0.366772191829402,0.377599980596226,19.4376937610063,NA,3.82167312742453,0.350806037407573,1.33670385238718,0.346808331572804,0.00378716421076297,6629.03427042348,NA,NA,NA,NA
2024-04-22,2024,112,"hayedo_remoto",1.74087762772161,NA,NA,5.86393266993751,128.758221944973,0.336428914180092,0.347128570204761,19.5425815085355,NA,3.82167312742453,0.455527610466991,1.74087762772161,0.45167137392799,-0.0516540091476101,16578.679718431,NA,NA,NA,NA
2024-07-31,2024,212,"hayedo_remoto",3.82167312742453,37.7755783382664,131.75575586147,23.4404421576414,1100.65509383724,0.250804751174255,0.253166134252488,23.5776714869721,662.86740027673,3.82167312742453,1,3.85430144173617,1,0.159556699695026,1211441.63558986,0.796142419217658,0.203857580782342,3.04259608912688,0.779077038297651
2024-08-05,2024,217,"hayedo_remoto",3.77764104261684,29.5366927009588,129.75071548222,20.2998308209753,1169.33278232791,0.213975114642449,0.231972844345765,21.9261311626235,669.538948320755,3.82167312742453,0.988478322624792,3.79761644445189,0.9852930555274,0.164553593057362,1367339.15582672,0.764818558208426,0.223659764416366,2.92288653126071,0.854754511356127
2024-08-10,2024,222,"hayedo_remoto",3.72803199971949,26.1966723282585,104.402225765012,23.3434824977531,1245.37685807186,0.195648429278808,0.21705656431506,21.5232363584906,650.07513909434,3.82167312742453,0.975497347736765,3.7174244042756,0.964487199683346,0.162374642942621,1550963.51862095,0.698882042770377,0.276615304966387,2.67089872209511,1.05713327762438
2024-08-20,2024,232,"hayedo_remoto",3.59775860193798,32.8239856433021,92.9134660129988,17.484451072421,1382.89982042613,0.25417041378701,0.244367781425172,18.1740164285714,624.868299861635,3.82167312742453,0.941409294301042,3.60762633469839,0.936000048058862,0.168231918851371,1912411.91333462,0.675568853900487,0.265840440400554,2.58180333467648,1.0159552672615
2024-09-14,2024,257,"hayedo_remoto",3.19172735492513,146.178251854235,186.292442734965,11.5295679368313,1663.75302525327,0.367657711420919,0.370546347440164,11.7750889541779,464.179996748428,3.82167312742453,0.835164926068932,3.14138687864423,0.815034040832363,0.133884438006111,2768074.1290394,0.638458734397919,0.196706191671013,2.439980588218,0.751746766707129
2024-09-24,2024,267,"hayedo_remoto",2.90461016717991,175.189300763368,216.529151528686,14.7101835318832,1755.57379869985,0.396345952271915,0.394015785533177,12.9287348960018,408.876332668239,3.82167312742453,0.760036264309545,2.74153857506569,0.711293243797447,0.0738000355723906,3082039.36268143,0.672150447025491,0.0878858172840532,2.5687393009837,0.335870866196208
2025-04-07,2025,96,"hayedo_remoto",1.31897978099798,NA,NA,11.4365432691274,35.1617146402037,0.372255801154882,0.379558347805991,16.5839902893082,NA,4.94397105943953,0.266785497961127,1.3206132081861,0.271415411454267,0.0267514094672719,1236.34617643911,NA,NA,NA,NA
2025-04-09,2025,98,"hayedo_remoto",1.33048305128738,NA,NA,13.8185129009703,52.8699333854693,0.353698496548635,0.36341492035104,18.3883409559748,NA,4.94397105943953,0.269112224827264,1.3288048653809,0.273098979356086,-0.00439816686080013,2795.22985618396,NA,NA,NA,NA
2025-04-29,2025,118,"hayedo_remoto",2.69229922494252,NA,NA,15.5629968487242,165.40015508064,0.376426862720673,0.388757699190696,18.8871893378257,NA,4.94397105943953,0.544562092409928,2.37418290943568,0.487947437779503,-0.106442365336073,27357.2113006998,NA,NA,NA,NA
2025-05-17,2025,136,"hayedo_remoto",4.6972885922623,181.001351609116,NA,13.071672773861,290.572103958611,0.3848379363054,0.395118516945989,18.7522028400719,533.664206559748,4.94397105943953,0.950104386896391,4.52459956875446,0.929905930068693,0.106862540925345,84432.1475989337,NA,NA,NA,NA
2025-05-29,2025,148,"hayedo_remoto",4.94397105943953,129.313006305361,NA,19.4213221991837,393.558576235183,0.31439423711045,0.33004042037628,25.1897594519317,603.27475,4.94397105943953,1,4.86565298967416,1,0.0770801517682959,154888.352928264,NA,NA,NA,NA
2025-06-18,2025,168,"hayedo_remoto",4.67293654767252,83.2414401353313,253.763110826557,21.3345577695835,644.269452999925,0.323246835912548,0.336091566385713,23.0100476621743,643.104744849057,4.94397105943953,0.945178782701503,4.69893971995043,0.965736711993739,-0.0167030298445285,415083.128068822,0.910923794968638,0.0342549877328654,4.50358087967978,0.169355667992742
2025-06-21,2025,171,"hayedo_remoto",4.65959842834208,81.2408983030927,230.694002175389,22.3657434075634,699.439565816917,0.29716521089182,0.310305154548501,25.2861784564241,664.277698477987,4.94397105943953,0.942480927238743,4.73453404849618,0.973052138848323,-0.00802260586778092,489215.706230158,0.906786983249364,0.035693943989379,4.48312860226134,0.176469826080745
2025-06-28,2025,178,"hayedo_remoto",4.5475372868881,89.491152788319,218.80415909368,21.8803398388237,808.266629604126,0.279748448785746,0.2852780968888,24.3851447906559,658.645395849057,4.94397105943953,0.919814706076297,4.59928335905524,0.945255111454885,-0.0246335524209305,653294.944531613,0.912493964566631,0.007320741509666,4.51134375273067,0.0361935341574267
2025-07-01,2025,181,"hayedo_remoto",4.52150194675554,76.4854487995271,211.248008133766,23.7382351601399,866.139001984668,0.242521551919933,0.261047383274422,27.2705210799641,682.373649698113,4.94397105943953,0.914548627488954,4.59016162932078,0.943380392942525,-0.0188386628851372,750196.770758997,0.926385019234059,-0.0118363917451042,4.58002072499152,-0.0585187782359844
2025-07-16,2025,196,"hayedo_remoto",4.17267602231337,47.319245215911,143.969615064596,19.9013947164988,1070.83151130197,0.293161482181189,0.284459343496359,20.1432411293801,712.625148974843,4.94397105943953,0.843992809049008,4.21905446464983,0.867109609666671,-0.0405360447628703,1146680.12559725,0.779987375605508,0.0640054334434995,3.85623501172183,0.316441010591545
2025-08-07,2025,218,"hayedo_remoto",3.89120755027299,59.9405470375986,103.128254311113,22.059755191763,1342.56480366849,0.224868874379924,0.242429696788828,23.4775903755615,611.194576044025,4.94397105943953,0.787061150538795,3.92219860230148,0.806099121870205,-0.010826764780215,1802480.25204941,0.696140874806629,0.0909202757321669,3.44170033833689,0.449507211936095
2025-08-10,2025,221,"hayedo_remoto",3.94077674410299,48.695298498886,98.8877422692881,24.6442541310373,1395.10710349813,0.199484731166368,0.224841056879711,24.6319609209344,606.689323886792,4.94397105943953,0.797087340666943,3.9706307029659,0.816052996667114,0.01030280742755,1946323.83023094,0.658149564567229,0.138937776099714,3.25387240000311,0.686904344099878
2025-08-15,2025,226,"hayedo_remoto",3.60510010904433,36.2733038274502,83.5925490433611,28.343155289496,1499.20760880716,0.179029992541427,0.205633170949588,22.942228245283,626.671550339623,4.94397105943953,0.729191183706689,3.64918809496062,0.749989385331196,-0.0379846491688687,2247623.4543053,0.575417691132743,0.153773492573946,2.8448484120498,0.760251696994529
2025-08-25,2025,236,"hayedo_remoto",3.21390949937296,56.9064175976831,115.06619769449,22.6893734746009,1642.65594475465,0.287351818204676,0.285291994142832,16.6644502273136,607.766174981132,4.94397105943953,0.65006640628218,3.28216624163574,0.674558224476987,-0.0801302913565868,2698318.55283778,0.57368285134081,0.0763835549413696,2.83627141432572,0.377638085047241
2025-09-06,2025,248,"hayedo_remoto",3.01757542691047,85.4676808166783,145.408227854277,22.4905768644385,1790.46538748751,0.30668707713641,0.31265408987769,17.1471732955975,541.756812823899,4.94397105943953,0.610354589586242,3.07976114308275,0.6329594711375,-0.0817801880693207,3205766.30379082,0.529264330711328,0.0810902588749139,2.61666753383044,0.400907893080034
2025-09-14,2025,256,"hayedo_remoto",2.95727862751374,104.011269919884,140.284573747334,17.6603400936167,1878.90688775661,0.32754767715806,0.320663962973989,11.4781586415094,446.083914880503,4.94397105943953,0.598158563624154,2.93392732915182,0.602987376078437,-0.0821345719410211,3530291.09285922,0.489240563335788,0.108918000288366,2.41879118623603,0.538487441277707
2025-09-26,2025,268,"hayedo_remoto",2.84243062487318,105.749965912904,169.575418301178,11.9461723687514,2001.76934641633,0.360353685774893,0.361096343154427,11.9123265714286,418.135790792453,4.94397105943953,0.574928653646976,2.84588994850756,0.584893734622481,-0.0478261540750633,4007080.51625204,0.513127696968392,0.0618009566785842,2.53688848360859,0.305542141264596
2025-10-06,2025,278,"hayedo_remoto",2.64540414255805,84.4873271114971,169.955007928175,11.9895632066067,2089.57329278143,0.330185934182733,0.320404614042686,13.3494104107704,388.572122396226,4.94397105943953,0.535076785594685,2.61663485463668,0.537776709557726,-0.0433154276738287,4366316.54590541,0.479148167500235,0.0559286180944493,2.36889467330465,0.276509469253403
2025-10-14,2025,286,"hayedo_remoto",2.38077520611968,66.6058051764564,170.61707509634,15.0122142631803,2164.65053057961,0.288388564151788,0.294351003454916,12.3742658168127,400.259202024416,4.94397105943953,0.481551201958204,2.38077520611968,0.489302301494196,-0.0462151100639861,4685711.91953858,0.489457151700759,-0.00790594974255493,2.41986199284426,-0.039086786724575
2018-04-19,2018,108,"pasto_cercano",1.04828172486697,NA,NA,16.8147170292757,93.515880032106,0.357319735880918,0.369543895781415,17.9843454528302,NA,3.03817388316506,0.345036777083642,1.3647074027881,0.335333739324066,-0.104791742808515,8745.21981817924,NA,NA,NA,NA
2018-04-24,2018,113,"pasto_cercano",1.29840381268227,NA,NA,16.5087249387985,147.01973611124,0.358709497271844,0.358228383574096,22.6735537915544,NA,3.03817388316506,0.427363232854084,1.94344864184675,0.477541119014464,-0.0413110264739248,21614.8028062185,NA,NA,NA,NA
2018-06-03,2018,153,"pasto_cercano",2.6243307762828,142.259942383889,335.562072612116,16.5692172924178,417.385116584347,0.408331071305825,0.408040185644442,15.8916442659479,521.507378465409,3.03817388316506,0.863785575547395,4.05879508695672,0.997320693709669,0.0471867131046513,174210.335546129,0.957365132719594,-0.0935795571721983,2.90864174288152,-0.284310966598725
2018-06-23,2018,173,"pasto_cercano",2.76965382465727,187.777250368341,272.446584728035,16.6167284471684,617.478712688904,0.322930675882463,0.334519063401772,20.6393058167116,507.357901044025,3.03817388316506,0.91161794260832,4.06969905724053,1,0.0210476797544259,381279.960623946,0.913870339257198,-0.00225239664887777,2.77649699733041,-0.00684317267314904
2018-07-08,2018,188,"pasto_cercano",3.03817388316506,145.100023326316,311.928066363603,19.9408178693344,827.104015189599,0.373413261877416,0.376322040517875,20.4672349541779,596.528238125786,3.03817388316506,1,3.8213018175825,0.938964224095121,-0.000365763608699998,684101.051942756,0.890466594136994,0.109533405863006,2.70539235013796,0.332781533027104
2018-07-13,2018,193,"pasto_cercano",2.7877619774607,108.249529614514,309.213565933099,19.3879198542181,897.273141848169,0.380269134569468,0.374812919388777,22.8811682596586,636.828081427673,3.03817388316506,0.917578152095926,3.49326133530441,0.858358636884816,-0.0616160753197095,805099.091082084,0.878647380930542,0.0389307711653842,2.66948352525456,0.118278452206146
2018-07-23,2018,203,"pasto_cercano",2.64897643437067,151.274963596787,339.052213965128,20.1881881074086,1033.89893536518,0.37288008196049,0.380667129652555,19.7427851662174,631.089083679245,3.03817388316506,0.871897572765343,3.37517513997751,0.829342684190032,-0.0486471916287321,1068947.00854925,0.855542828363881,0.0163547444014615,2.59928787706431,0.0496885573063603
2018-08-02,2018,213,"pasto_cercano",2.40300767318449,108.498522767936,249.961217784506,21.6150812336984,1183.3021305884,0.317928564123638,0.32587616648564,18.114983230009,593.484373037736,3.03817388316506,0.790938164039882,3.31874949515125,0.815477864203928,-0.0209436219749821,1400203.93225504,0.797218416931566,-0.00628025289168388,2.42208817349968,-0.0190805003151859
2018-08-12,2018,223,"pasto_cercano",2.07902792325708,128.443882321176,236.69341193569,20.6038759843359,1336.73440294166,0.37686602874372,0.373433652913795,19.7044628221024,598.578950308176,3.03817388316506,0.684301821820423,3.24061933100901,0.796279844143148,-0.00223786128253733,1786858.8640078,0.77781158327655,-0.0935097614561271,2.36312683833408,-0.284098915077
2018-08-22,2018,233,"pasto_cercano",1.83765149958415,94.6403320050846,245.915295601872,20.6083416472941,1460.81665854304,0.323428973711761,0.335483552025049,19.328071933513,590.69118263522,3.03817388316506,0.60485395841457,3.09799129540425,0.761233509365395,-0.00324722184838044,2133985.30987687,0.734878660109171,-0.130024701694601,2.23268915243902,-0.395037652854864
2018-08-27,2018,238,"pasto_cercano",1.70797381472531,91.8101892232146,242.139955843256,19.5110072393837,1523.79648448057,0.305487920653145,0.314801644979033,19.7916068814016,593.971691918239,3.03817388316506,0.562171185852603,2.99899024166161,0.736907127401967,-0.0112745112425878,2321955.72611534,0.725354284430949,-0.163183098578346,2.20375244299999,-0.495778628274681
2018-09-01,2018,243,"pasto_cercano",1.66407904313855,97.6994804710576,206.198003238994,17.4120892122857,1589.45294047822,0.305541428380043,0.307775641387364,19.8897243728661,590.285416106918,3.03817388316506,0.547723437542348,2.98561197137963,0.733619840038992,0.00185643950876757,2526360.64999485,0.678878168413734,-0.131154730871386,2.06254992112554,-0.398470877986989
2018-09-11,2018,253,"pasto_cercano",1.57560084279102,52.9137441295952,181.357626450771,19.5817593172661,1714.8450847074,0.332176754309696,0.330330355362322,15.253750950584,536.35514145283,3.03817388316506,0.518601272797993,2.76338771386064,0.6790152478091,-0.0176368641460973,2940693.66454512,0.596803789037393,-0.0782025162393997,1.81319368522736,-0.237592842436336
2018-09-26,2018,268,"pasto_cercano",1.23045969232369,44.898759254331,136.708948477546,17.4473760536882,1911.14072811599,0.267658781455498,0.272478246588877,16.6677964778751,514.556534917453,3.03817388316506,0.404999759606202,2.45299408880175,0.602745818376313,-0.0299740703212316,3652458.88266371,0.538064190760965,-0.133064431154763,1.63473257183631,-0.404272879512615
2018-10-16,2018,288,"pasto_cercano",1.06263905514746,73.3337415975873,116.18819239419,13.5262627375701,2102.09424162331,0.370676190598206,0.372921489319711,11.0881321302785,437.36931511191,3.03817388316506,0.349762421774371,2.20740886145128,0.542401005677314,0.0187042884935092,4418800.20066589,0.403554991528405,-0.0537925697540345,1.2260702356825,-0.163431180535043
2018-10-21,2018,293,"pasto_cercano",0.992493691453608,74.7500333909344,121.521094564183,15.5947924743909,2148.68054915295,0.357851300349525,0.355668647234295,9.45283370979335,392.838704872916,3.03817388316506,0.326674420102533,1.9629957207651,0.482344196255167,-0.011299501389174,4616828.10230821,0.384345317586432,-0.0576708974838987,1.16770790600788,-0.175214214554271
2019-04-29,2019,118,"pasto_cercano",1.64329383432982,NA,NA,10.5606155139596,122.354707070917,0.355307766976346,0.362469882085388,17.6310673135669,NA,2.4720546508793,0.664748181738341,2.08068214229817,0.430607222976634,-0.163782580138942,14970.6743424099,NA,NA,NA,NA
2019-05-14,2019,133,"pasto_cercano",1.94247098080338,79.2164070590295,NA,12.5762443406527,209.301629305187,0.316105098844324,0.325505190675364,21.5147694573226,579.911311371069,2.4720546508793,0.785771859903036,4.08609681518911,0.84563747947528,0.0547835566763841,43807.1720298058,NA,NA,NA,NA
2019-06-03,2019,153,"pasto_cercano",2.20889216904976,103.292430997788,203.769487209187,17.5489509574522,359.362474162425,0.305262161750713,0.32233357679419,26.0146039424978,630.159127786163,2.4720546508793,0.893545038846155,4.83197222730068,1,0.049866019394982,129141.38783614,0.969514050920071,-0.0759690120739156,2.39669171866979,-0.187799549620029
2019-06-08,2019,158,"pasto_cercano",2.3752661493431,125.787807012474,212.015755645404,12.6314681814902,401.078054744794,0.371703673708614,0.371765248680515,22.8515336136568,626.226472050314,2.4720546508793,0.960846941024636,4.71176049599498,0.975121601356377,0.00630845011133496,160863.605997868,0.981204019634338,-0.0203570786097016,2.42558996019853,-0.0503238108554283
2019-06-13,2019,163,"pasto_cercano",2.4507358529624,141.091514258122,220.307921317152,13.15822602358,433.159260776609,0.371865496445502,0.37324190489651,20.0817174770889,601.012165333333,2.4720546508793,0.991376081467571,4.62273950981493,0.95669827812677,-0.0226561118815526,187626.945196539,0.976713453244508,0.014662628223063,2.41448903466947,0.0362468182929367
2019-06-18,2019,168,"pasto_cercano",2.4720546508793,83.4035103848985,198.141200995485,21.1711993931225,489.868913187473,0.325773768954807,0.339174927905421,24.1967175274034,638.982424886792,2.4720546508793,1,4.55349020007182,0.942366798870359,-0.0400729429679079,239971.552107475,0.93321355787282,0.0667864421271802,2.30695491600312,0.165099734876177
2019-06-28,2019,178,"pasto_cercano",2.34921745067104,85.1165319625222,198.665882135999,21.583988296061,638.909696835694,0.282834210985612,0.304947211807379,26.092605737646,694.32670391195,2.4720546508793,0.950309674519306,4.46429481267128,0.923907382465483,-0.0459812814103323,408205.600710678,0.912571385518036,0.0377382890012697,2.25592633782923,0.0932911128418157
2019-08-17,2019,228,"pasto_cercano",1.24552062336383,86.7594306660784,170.733701072548,20.7290645039557,1337.81848946738,0.294518504752553,0.304594109893095,21.0546094249775,601.534942,2.4720546508793,0.503840245975472,3.73673791696324,0.773335967423539,-0.00778987215106108,1789758.31076077,0.702262020441436,-0.198421774465964,1.73603009376814,-0.490509470404309
2019-08-22,2019,233,"pasto_cercano",1.33756792368614,100.5549701793,161.660342706774,17.0320208511513,1396.01628585112,0.322222475735646,0.316820050185581,20.2325772614555,575.509628150943,2.4720546508793,0.541075385696014,3.50824530578931,0.726048317489843,-0.0384324137239326,1948861.47036155,0.662019750876137,-0.120944365180123,1.63654900412731,-0.298981080441168
2019-09-16,2019,258,"pasto_cercano",1.19946898075215,47.6174710496003,134.376901715679,19.4225375961208,1705.94291514751,0.2732372103997,0.261720868776429,16.8512825444744,552.335806358491,2.4720546508793,0.485211352558692,3.15319992373159,0.652569960132631,-0.0245391773071675,2910241.22974198,0.609189193463445,-0.123977840904753,1.50594897896672,-0.306479998214568
2019-10-11,2019,283,"pasto_cercano",1.14808219708064,30.6242539011543,77.1491778194425,17.5451928808505,1990.51149836607,0.261511538763466,0.249816888533298,12.7028904868283,420.839798173128,2.4720546508793,0.46442427827082,2.47636522187933,0.512495748193221,-0.0404678556340795,3962136.02512752,0.45225566496418,0.0121686133066405,1.11800071996121,0.0300814771194322
2019-10-26,2019,298,"pasto_cercano",1.25585106945646,145.25836635609,181.334364389636,13.7747783444963,2117.17606929244,0.380998699420153,0.386855529789155,8.23442655705301,334.640265119276,2.4720546508793,0.5080191366359,2.22011279734617,0.45946307075246,-0.00367100886770882,4482434.50838457,0.52042973092944,-0.0124105942935405,1.28653073679998,-0.0306796673435228
2020-05-28,2020,148,"pasto_cercano",3.22647647498987,83.6653482726214,NA,20.1187925942539,476.41417614839,0.295818172910678,0.311202686537737,24.1773728751123,612.509545490566,3.22647647498987,1,4.0377086847113,1,0.0770801517682959,226970.467235149,NA,NA,NA,NA
2020-06-22,2020,173,"pasto_cercano",2.83352873298986,105.78207876497,224.742378011372,16.7284594985674,713.370634430061,0.334570462848655,0.347844963053737,23.1291201617251,634.893113295597,3.22647647498987,0.878211496334791,3.63764892936418,0.900919113639392,-0.0780332066061823,508897.662067148,0.894771367243765,-0.016559870908974,2.88695876690654,-0.053430033916674
2020-06-27,2020,178,"pasto_cercano",2.61429245150853,121.0636815332,204.729029805821,19.0864870387304,789.915843379024,0.363233524298518,0.351820932244355,24.5113053998203,616.045899408805,3.22647647498987,0.810262362603073,3.75542770625005,0.930088820045363,-0.0397998438304529,623967.039621195,0.868044892839187,-0.0577825302361147,2.80072642598074,-0.186433974472215
2020-07-22,2020,203,"pasto_cercano",1.75860221125618,39.3314060676023,145.113484832572,21.1487905258403,1090.31971668268,0.23534819764911,0.248016361920339,23.5546993198562,661.602286949685,3.22647647498987,0.545053473932953,3.12483571435265,0.773913117155969,-0.104076758662796,1188797.08458699,0.811692620296991,-0.266639146364038,2.61890714431113,-0.86030493305495
2020-07-27,2020,208,"pasto_cercano",1.45134701651052,23.1246206500101,144.18830218321,21.9404144910896,1162.02282992269,0.197196486611036,0.223273092845701,24.7908439398023,674.013360691824,3.22647647498987,0.449824143383867,3.18382506509746,0.788522727544199,-0.0683568799056635,1350297.05726154,0.768668294772755,-0.318844151388889,2.48009017015488,-1.02874315364436
2020-08-06,2020,218,"pasto_cercano",1.17971435474825,22.6665369328246,109.428034581212,24.4027541922324,1311.65186506468,0.191598972184603,0.204739196245525,21.0185183495058,675.246714773585,3.22647647498987,0.365635504827896,2.93278455942935,0.726348726081769,-0.0905771605686517,1720430.61512764,0.656828333706211,-0.291192828878315,2.11924116680989,-0.939526812061635
2020-08-16,2020,228,"pasto_cercano",1.11332244061994,29.3400811966505,71.3927252693121,17.7109926515656,1474.60429602169,0.256291403460553,0.218431953114284,18.51629355885,662.657689918239,3.22647647498987,0.345058285485696,2.73549107064085,0.677485991250119,-0.10363984832448,2174457.82984564,0.59906969586329,-0.254011410377594,1.93288428058224,-0.819561839962305
2020-08-31,2020,243,"pasto_cercano",0.964663362589554,58.3340603237811,80.0939899441571,14.823867196457,1673.80271375724,0.315814444104081,0.257625561840129,16.7091042785265,572.414048006289,3.22647647498987,0.29898354135453,2.60712029178931,0.645693014372512,-0.0860703861577122,2801615.52458111,0.562845527590145,-0.263861986235615,1.81600785382287,-0.851344491233313
2020-09-10,2020,253,"pasto_cercano",0.859638192733693,47.2790919850695,67.8879898307245,17.593765001277,1791.99343559297,0.203580406476867,0.214542402411407,19.7276479415993,568.757629735849,3.22647647498987,0.26643249978644,2.42753518123462,0.601216028889461,-0.0954360830657367,3211240.47320831,0.476027828532367,-0.209595328745927,1.5358925902002,-0.676254397466504
2020-09-15,2020,258,"pasto_cercano",0.823946208543277,38.177863520809,67.5179447174594,22.2045046632395,1873.63519073103,0.181256582152169,0.199102995530614,19.4706140179694,565.830706710692,3.22647647498987,0.25537028239013,2.26135200045248,0.560058235259776,-0.117050902180023,3510508.8279457,0.414884691704319,-0.159514409314189,1.33861569761741,-0.514669489074136
2020-09-20,2020,263,"pasto_cercano",0.874095634162699,46.4805364190073,87.839104454137,16.0839587781415,1948.03766934697,0.332416330493471,0.252056160812858,15.4018430305481,544.275220962264,3.22647647498987,0.270913375918987,2.19435186002676,0.543464630902082,-0.112374655512632,3794850.76119478,0.479275640019334,-0.208362264100348,1.5463715775581,-0.672275943395399
2020-09-30,2020,273,"pasto_cercano",0.819608480254206,95.874049448146,154.208109771927,14.4597581491531,2028.90906819278,0.354897209183475,0.35811851559445,11.3038931376909,488.445912082891,3.22647647498987,0.254025865865573,2.22882688636076,0.552002895800821,-0.0557563193037882,4116472.00699489,0.476269942785309,-0.222244076919735,1.53667376614157,-0.717065285887367
2021-04-23,2021,112,"pasto_cercano",1.45276278179194,NA,NA,13.6607901559186,71.7082700005621,0.298154301113552,0.305966078360376,20.5100483225517,NA,2.70344148531336,0.537375337947641,1.51517336993256,0.346306780436796,-0.157018602638805,5142.07598647352,NA,NA,NA,NA
2021-05-08,2021,127,"pasto_cercano",1.60243889628402,71.1651042710359,NA,18.9520088835583,163.092930529453,0.327908274012792,0.330947478112435,20.807024834681,550.407614754717,2.70344148531336,0.592740366303243,2.80316324720164,0.640688688463659,-0.078068275029097,26599.3039886851,NA,NA,NA,NA
2021-06-02,2021,152,"pasto_cercano",2.468236364638,110.084462062605,179.427660136638,18.0145731696043,352.144891668517,0.390406338673718,0.379187206052384,22.6447504690027,569.353650201258,2.70344148531336,0.912997887339849,4.35104486342173,0.994471238796062,0.049090237286061,124006.024728232,0.985566120531022,-0.0725682331911734,2.66442033676291,-0.196183972124912
2021-06-07,2021,157,"pasto_cercano",2.70344148531336,166.786522141081,237.951626412117,14.7404008965323,393.096787240372,0.366064979345294,0.376485598662114,17.6918666684636,552.491611025157,2.70344148531336,1,4.3207894018071,0.987556075349876,0.0218106044098503,154525.084138702,0.989807627532307,0.0101923724676932,2.67588700275043,0.0275544825629277
2021-06-12,2021,162,"pasto_cercano",2.68780200201981,116.618931670673,215.129129302705,18.3612117551408,448.8152900168,0.322396520298732,0.334924305509971,23.3701051320755,564.018748987421,2.70344148531336,0.994214972516138,4.37523449012888,1,0.0221319727022183,201435.164552864,0.949173195631979,0.045041776884159,2.56603419381894,0.121767808200864
2021-07-02,2021,182,"pasto_cercano",2.60157128578242,189.12180114823,299.206263210836,18.6114151056958,678.745445025144,0.34228293700788,0.353932226229014,19.5074309218329,593.042475308176,2.70344148531336,0.962318326442666,4.19765056260837,0.959411563443932,6.87889138487607e-05,460695.379142381,0.903303880699844,0.0590144457428217,2.44202918492851,0.159542100853918
2021-07-17,2021,197,"pasto_cercano",2.06962152393052,93.6290475948557,268.115290635053,17.2805707383706,839.531255947571,0.332554759219507,0.339829293936803,17.4531953207547,567.82403372327,2.70344148531336,0.765550700902493,3.94630508452501,0.90196424749997,-0.00149625038153378,704812.729712906,0.872015289239794,-0.106464588337301,2.35744230875839,-0.287820784827869
2021-07-22,2021,202,"pasto_cercano",1.96714772300393,55.7607805264675,262.201537783414,22.3144925739281,914.343268574011,0.277316663250233,0.297230180704369,25.200301458221,603.445008119497,2.70344148531336,0.727645755859931,3.85170491720455,0.880342510988729,-0.00190674125575396,836023.612786607,0.884103947647488,-0.156458191787557,2.39012328939953,-0.422975566395595
2021-08-11,2021,222,"pasto_cercano",1.54351429032952,52.2627352209102,205.365967992163,20.6618938430051,1148.83099678488,0.307414140841246,0.302637561062347,19.4156088203055,599.12708145283,2.70344148531336,0.570944220067192,3.47881120147786,0.795114229723349,-0.00699832701737635,1319812.65917373,0.793299782522782,-0.222355562455591,2.14463954236215,-0.601125252032629
2021-08-26,2021,237,"pasto_cercano",1.36554820047731,41.9797886258941,84.1292106318153,19.1369856652474,1340.76485258938,0.229100997093089,0.247521439938175,19.451253769991,558.966865257862,2.70344148531336,0.505114761275858,3.37091378608727,0.770453285119346,0.0190178199554515,1797650.38993903,0.684093152731547,-0.17897839145569,1.84940580891327,-0.483857608435965
2021-08-31,2021,242,"pasto_cercano",1.22746214211901,32.5400795195924,81.9704110164038,17.4801304079452,1398.34040221289,0.205783572086998,0.22877715168759,21.0726860422282,583.066843427673,2.70344148531336,0.454036881799473,3.18164864899052,0.727195000900808,-0.0078850960804846,1955355.8804609,0.649579418748868,-0.195542536949395,1.75609994865143,-0.528637806532416
2021-09-05,2021,247,"pasto_cercano",1.2981262272258,52.028302147366,108.171331836913,22.3270637048366,1465.19950126712,0.328721844175327,0.326014176854547,16.2282250260557,555.700483937107,2.70344148531336,0.480175448323172,3.18655136960955,0.728315562697001,0.0100999568682819,2146809.57851343,0.577187197507346,-0.0970117491841745,1.56039181453311,-0.262265587307312
2021-09-30,2021,272,"pasto_cercano",1.1884483505189,113.394356345653,145.934435865246,13.4085954814088,1765.09581055392,0.35844423386036,0.353761022695705,12.9129348632075,403.36823419942,2.70344148531336,0.439605723658245,2.57741552786778,0.58909197522619,-0.0238019203629943,3115563.22043499,0.536822949589642,-0.0972172259313973,1.45126943218892,-0.262821081670021
2022-05-28,2022,147,"pasto_cercano",1.94537899828243,42.0025553359317,NA,14.4339207327341,401.460907405479,0.304889517010383,0.305546853527333,16.4342612955975,604.600928924528,2.20293757790762,0.883084031881729,4.5290228389207,0.966995252245542,0.0505542641353064,161170.86017483,NA,NA,NA,NA
2022-06-12,2022,162,"pasto_cercano",2.20293757790762,45.8287947897484,157.086627043884,18.5246182031852,573.127208780894,0.276544810840919,0.276715445068647,20.6343352003594,643.787639641509,2.20293757790762,1,4.68360400777922,1,0.0221319727022183,328474.797444978,0.946768107316343,0.0532318926836567,2.08567104117164,0.117266536735973
2022-07-02,2022,182,"pasto_cercano",1.28366704587213,99.443535503101,133.849101825983,18.3536081917881,834.193973688411,0.343565105142333,0.347674774173921,18.4028849757412,611.154895962264,2.20293757790762,0.582706953998841,4.38187329140923,0.935577235848967,-0.0237655386811165,695879.585738062,0.799159395905084,-0.216452441906243,1.76049826397726,-0.476831218105128
2022-07-12,2022,192,"pasto_cercano",1.29742706086491,97.2104799666246,143.039274756373,23.7152999046214,964.931712291728,0.287137497396089,0.304434688836024,25.0639110395328,635.172333113208,2.20293757790762,0.588953165934562,4.29323015291088,0.916650969163928,-0.00733452789435141,931093.209386245,0.780199214358613,-0.191246048424051,1.71873016756459,-0.421303106699681
2022-07-17,2022,197,"pasto_cercano",1.07982629317766,94.6730826469424,134.284764383935,27.9327968005615,1066.53148407526,0.225960069732346,0.255301593484619,29.2432606648697,657.088979811321,2.20293757790762,0.49017562004789,4.14355860421527,0.884694478297704,-0.0187660195837999,1137489.40652379,0.807755080878959,-0.317579460831068,1.77943402141406,-0.6996077282364
2022-08-06,2022,217,"pasto_cercano",0.769505783165317,10.1569634092095,114.003684177712,20.5367907941966,1361.94502868413,0.181018533446754,0.195065968691428,21.5172608014376,714.980534276729,2.20293757790762,0.349308936795298,3.47804466245623,0.742600069664169,-0.0781393928058693,1854894.26115741,0.623779996341213,-0.274471059545916,1.37414839428713,-0.604642611121816
2022-08-16,2022,227,"pasto_cercano",0.682397799556977,22.7135186186112,117.386601265554,18.6389398138978,1532.99081251277,0.211411768035569,0.192099480758923,20.2907046460018,648.750628446541,2.20293757790762,0.309767197400631,3.68637487393652,0.787080818065243,0.00254748633301838,2350060.83124855,0.566079395241292,-0.256312197840661,1.24703757185626,-0.564639772299282
2022-09-05,2022,247,"pasto_cercano",0.736274738961185,77.2642494189065,87.421212828116,21.6994608577193,1818.03595984277,0.277491795441889,0.278892537582845,17.0405333495058,553.725239018868,2.20293757790762,0.334224058976973,3.18804699427877,0.680682437922504,-0.0375331679062152,3305254.75128143,0.49595916045396,-0.161735101476986,1.09256707167154,-0.356292332710355
2022-09-10,2022,252,"pasto_cercano",0.691956747677279,74.2740478547393,89.7035812357134,19.0113552645318,1883.69930627531,0.250532374192084,0.255552688234757,18.5127485489668,518.882350471698,2.20293757790762,0.314106379870514,3.06857637010571,0.65517417036303,-0.0452006282736575,3548323.0764621,0.502030005140221,-0.187923625269708,1.10594076356055,-0.413984015883268
2022-09-20,2022,262,"pasto_cercano",0.666183516636325,61.1743195353121,98.9701044231149,13.762971704511,2017.3365146701,0.244732214969659,0.239627542735646,17.5240571284816,504.886400327044,2.20293757790762,0.302406896735166,3.02936084698823,0.646801232972861,-0.0134379582804404,4069646.6134213,0.467454138958944,-0.165047242223778,1.02977228866111,-0.363588772024781
2022-10-05,2022,277,"pasto_cercano",0.674116101059354,70.4539818132477,147.718231232154,16.1815805319221,2145.47224876836,0.317818485715854,0.323055396289945,13.4577452651617,443.327917985456,2.20293757790762,0.306007808763987,2.79017734401169,0.595732973875963,0.00918132001919425,4603051.17023517,0.421349736268007,-0.11534192750402,0.928207167466255,-0.254091066406901
2022-10-15,2022,287,"pasto_cercano",0.738852008968711,91.9427610994328,169.747901841243,17.0814815601213,2250.45621568772,0.349227735331473,0.351424120757065,10.2170476988853,383.970183626228,2.20293757790762,0.335393983187887,2.28756841674576,0.488420543868832,-0.0412035855556345,5064553.1787275,0.438095157455624,-0.102701174267737,0.965096285058347,-0.226244276089636
2023-04-08,2023,97,"pasto_cercano",1.25741236197311,NA,NA,12.456741587321,22.2882871935704,0.348395209642326,0.359784373697245,19.5873554797844,NA,2.04782437239896,0.61402353586606,1.31522929068378,0.451199901646673,0.190117957390118,496.767746023075,NA,NA,NA,NA
2023-07-22,2023,202,"pasto_cercano",1.50824795263008,24.1307788238122,196.802631284921,17.7446081677323,1088.67679727583,0.253047685203312,0.265080134073893,20.3942836999102,612.804409396226,2.04782437239896,0.736512355726683,2.86278842580884,0.982102410058583,0.0998531578141001,1185217.16892675,0.855356049142196,-0.118843693415512,1.75161896451228,-0.243371011882197
2023-07-27,2023,207,"pasto_cercano",2.04782437239896,36.8238488644638,203.259253115179,19.1053367454801,1149.94215929364,0.285439939119031,0.267398803738928,20.0012141761006,584.671184773585,2.04782437239896,1,2.91495916972454,1,0.138937188928963,1322366.96972091,0.843647691138779,0.156352308861221,1.72764230363211,0.320182068766859
2023-08-11,2023,222,"pasto_cercano",1.93315710126095,40.1441949584047,160.814958530973,21.2858642306218,1345.24279526525,0.235918159005027,0.247130858823188,24.949149163522,617.959301044025,2.04782437239896,0.944005319653614,2.81709917071177,0.966428346568566,0.164315789827841,1809678.17821306,0.754899820414898,0.189105499238716,1.54590225096523,0.387254850295716
2023-08-21,2023,232,"pasto_cercano",1.64300694326419,48.872787514328,73.0035663381402,22.9323120820947,1504.92651350074,0.236081705153363,0.241760226915467,20.1682611230907,612.879523836478,2.04782437239896,0.802318287353647,2.62126862465868,0.899247115322848,0.131478986115356,2264803.81103748,0.617005272934268,0.185313014419379,1.26351843581347,0.379488507450725
2023-09-20,2023,262,"pasto_cercano",1.58485327247725,178.305491990818,227.178279505146,18.8153360538763,1937.33036667926,0.352468470607414,0.359008665604661,15.3257786028751,472.747637647799,2.04782437239896,0.773920505019014,2.58897143389067,0.888167306348693,0.227928115095392,3753248.9496576,0.6214697781312,0.152450726887814,1.27266095836645,0.312192314110804
2023-09-25,2023,267,"pasto_cercano",1.49297599806156,186.597897427978,234.313240969851,18.1994674954525,1988.08530087421,0.359634063528769,0.368058861426587,14.7846116526842,459.646557669418,2.04782437239896,0.729054707124411,2.23023391332231,0.765099537752036,0.12760632952698,3952483.16355211,0.626008300649217,0.103046406475194,1.28195505539352,0.211020942668033
2023-09-30,2023,272,"pasto_cercano",1.4584679568087,154.651673506837,231.531600468408,20.646679558744,2058.45863649861,0.320696530851928,0.332194905610954,17.5183827543555,472.507469603381,2.04782437239896,0.712203632531313,2.18530465125524,0.749686195934521,0.136792300345337,4237251.9581757,0.587495019677366,0.124708612853947,1.20308661995832,0.25538133685038
2023-10-05,2023,277,"pasto_cercano",1.41157154818346,98.7381046346794,218.742106202125,18.9037397556585,2129.64973063119,0.305932726750084,0.312988544660044,15.1880486672282,467.291414266116,2.04782437239896,0.689303031651025,2.12155918799634,0.727817806174219,0.14126615231745,4535407.97517752,0.560916698160789,0.128386333490235,1.14865888537922,0.262912662804245
2023-10-10,2023,282,"pasto_cercano",1.27077665583292,94.9340266095023,217.867338102855,18.1075169089456,2203.00719850249,0.275745877679789,0.290954826762841,15.9796782285455,451.927410338419,2.04782437239896,0.620549629626806,2.06590286506735,0.708724460542814,0.150032999048681,4853240.71665378,0.571609492883524,0.048940136743282,1.17055585102149,0.100220804811431
2023-10-30,2023,302,"pasto_cercano",1.47996979684796,164.692977476818,319.344650983655,12.3876212801823,2393.24409546123,0.41447867187564,0.421089897615605,7.24885171428571,341.000288068372,2.04782437239896,0.722703478284233,NA,NA,NA,5727617.30046003,0.662368886652873,0.0603345916313607,1.35641514960652,0.123554647241439
2024-04-12,2024,102,"pasto_cercano",1.80515327537968,NA,NA,14.8686122638375,81.4188815350805,0.366772191829402,0.377599980596226,19.4376937610063,NA,2.24715821671442,0.803304930624335,1.33670385238718,0.346808331572804,0.00378716421076297,6629.03427042348,NA,NA,NA,NA
2024-07-31,2024,212,"pasto_cercano",2.24715821671442,37.7755783382664,131.75575586147,23.4404421576414,1100.65509383724,0.250804751174255,0.253166134252488,23.5776714869721,662.86740027673,2.24715821671442,1,3.85430144173617,1,0.159556699695026,1211441.63558986,0.796142419217658,0.203857580782342,1.78905797901985,0.458100237694562
2024-08-05,2024,217,"pasto_cercano",1.76208693018253,29.5366927009588,129.75071548222,20.2998308209753,1169.33278232791,0.213975114642449,0.231972844345765,21.9261311626235,669.538948320755,2.24715821671442,0.784140127328859,3.79761644445189,0.9852930555274,0.164553593057362,1367339.15582672,0.764818558208426,0.0193215691204326,1.71866830737374,0.0434186228087956
2024-08-10,2024,222,"pasto_cercano",1.71837856138389,26.1966723282585,104.402225765012,23.3434824977531,1245.37685807186,0.195648429278808,0.21705656431506,21.5232363584906,650.07513909434,2.24715821671442,0.764689619361267,3.7174244042756,0.964487199683346,0.162374642942621,1550963.51862095,0.698882042770377,0.0658075765908898,1.57049852492561,0.147880036458281
2024-08-20,2024,232,"pasto_cercano",1.52447518968609,32.8239856433021,92.9134660129988,17.484451072421,1382.89982042613,0.25417041378701,0.244367781425172,18.1740164285714,624.868299861635,2.24715821671442,0.678401359702671,3.60762633469839,0.936000048058862,0.168231918851371,1912411.91333462,0.675568853900487,0.00283250580218419,1.51811010099882,0.00636508868726948
2024-09-14,2024,257,"pasto_cercano",1.54030578076777,146.178251854235,186.292442734965,11.5295679368313,1663.75302525327,0.367657711420919,0.370546347440164,11.7750889541779,464.179996748428,2.24715821671442,0.685446075541516,3.14138687864423,0.815034040832363,0.133884438006111,2768074.1290394,0.638458734397919,0.0469873411435973,1.43471779103537,0.105587989732398
2024-09-24,2024,267,"pasto_cercano",1.47904031332062,175.189300763368,216.529151528686,14.7101835318832,1755.57379869985,0.396345952271915,0.394015785533177,12.9287348960018,408.876332668239,2.24715821671442,0.658182544655505,2.74153857506569,0.711293243797447,0.0738000355723906,3082039.36268143,0.672150447025491,-0.0139679023699861,1.5104283999016,-0.031388086580979
2024-10-24,2024,297,"pasto_cercano",1.40343626183366,192.069549863256,367.258850626624,14.8685437552334,2037.95262661261,0.36565441555447,0.372106862018193,10.1613515813118,314.616576822286,2.24715821671442,0.624538250753717,NA,NA,NA,4153250.90831722,0.725773971247914,-0.101235720494196,1.6309289429672,-0.227492681133538
2025-04-07,2025,96,"pasto_cercano",1.42653855748095,NA,NA,11.4365432691274,35.1617146402037,0.372255801154882,0.379558347805991,16.5839902893082,NA,3.6528338492285,0.390529275724446,1.3206132081861,0.271415411454267,0.0267514094672719,1236.34617643911,NA,NA,NA,NA
2025-04-09,2025,98,"pasto_cercano",1.54063993293042,NA,NA,13.8185129009703,52.8699333854693,0.353698496548635,0.36341492035104,18.3883409559748,NA,3.6528338492285,0.421765674684549,1.3288048653809,0.273098979356086,-0.00439816686080013,2795.22985618396,NA,NA,NA,NA
2025-04-29,2025,118,"pasto_cercano",2.53852294712396,NA,NA,15.5629968487242,165.40015508064,0.376426862720673,0.388757699190696,18.8871893378257,NA,3.6528338492285,0.694946184771069,2.37418290943568,0.487947437779503,-0.106442365336073,27357.2113006998,NA,NA,NA,NA
2025-05-17,2025,136,"pasto_cercano",2.84541485267626,181.001351609116,NA,13.071672773861,290.572103958611,0.3848379363054,0.395118516945989,18.7522028400719,533.664206559748,3.6528338492285,0.778960930094652,4.52459956875446,0.929905930068693,0.106862540925345,84432.1475989337,NA,NA,NA,NA
2025-05-29,2025,148,"pasto_cercano",3.35681868469194,129.313006305361,NA,19.4213221991837,393.558576235183,0.31439423711045,0.33004042037628,25.1897594519317,603.27475,3.6528338492285,0.918962871908592,4.86565298967416,1,0.0770801517682959,154888.352928264,NA,NA,NA,NA
2025-06-18,2025,168,"pasto_cercano",3.6528338492285,83.2414401353313,253.763110826557,21.3345577695835,644.269452999925,0.323246835912548,0.336091566385713,23.0100476621743,643.104744849057,3.6528338492285,1,4.69893971995043,0.965736711993739,-0.0167030298445285,415083.128068822,0.910923794968638,0.0890762050313619,3.32745327232912,0.325380576899377
2025-06-21,2025,171,"pasto_cercano",3.60816868711644,81.2408983030927,230.694002175389,22.3657434075634,699.439565816917,0.29716521089182,0.310305154548501,25.2861784564241,664.277698477987,3.6528338492285,0.987772462708235,4.73453404849618,0.973052138848323,-0.00802260586778092,489215.706230158,0.906786983249364,0.0809854794588715,3.31234218645307,0.295826500663364
2025-06-28,2025,178,"pasto_cercano",3.37054624495345,89.491152788319,218.80415909368,21.8803398388237,808.266629604126,0.279748448785746,0.2852780968888,24.3851447906559,658.645395849057,3.6528338492285,0.92272092957782,4.59928335905524,0.945255111454885,-0.0246335524209305,653294.944531613,0.912493964566631,0.0102269650111888,3.3331888409857,0.037357403967746
2025-07-01,2025,181,"pasto_cercano",2.95028485987365,76.4854487995271,211.248008133766,23.7382351601399,866.139001984668,0.242521551919933,0.261047383274422,27.2705210799641,682.373649698113,3.6528338492285,0.807670149162896,4.59016162932078,0.943380392942525,-0.0188386628851372,750196.770758997,0.926385019234059,-0.118714870071163,3.38393055567636,-0.433645695802707
2025-07-16,2025,196,"pasto_cercano",2.3639475055224,47.319245215911,143.969615064596,19.9013947164988,1070.83151130197,0.293161482181189,0.284459343496359,20.1432411293801,712.625148974843,3.6528338492285,0.64715440206011,4.21905446464983,0.867109609666671,-0.0405360447628703,1146680.12559725,0.779987375605508,-0.132832973545398,2.8491642875827,-0.485216782060303
2025-08-07,2025,218,"pasto_cercano",1.65288610434032,59.9405470375986,103.128254311113,22.059755191763,1342.56480366849,0.224868874379924,0.242429696788828,23.4775903755615,611.194576044025,3.6528338492285,0.452494192882443,3.92219860230148,0.806099121870205,-0.010826764780215,1802480.25204941,0.696140874806629,-0.243646681924186,2.54288695132519,-0.890000846984875
2025-08-10,2025,221,"pasto_cercano",1.55167047691299,48.695298498886,98.8877422692881,24.6442541310373,1395.10710349813,0.199484731166368,0.224841056879711,24.6319609209344,606.689323886792,3.6528338492285,0.424785397025576,3.9706307029659,0.816052996667114,0.01030280742755,1946323.83023094,0.658149564567229,-0.233364167541652,2.40411100730617,-0.852440530393178
2025-08-15,2025,226,"pasto_cercano",1.24349051248442,36.2733038274502,83.5925490433611,28.343155289496,1499.20760880716,0.179029992541427,0.205633170949588,22.942228245283,626.671550339623,3.6528338492285,0.340418032631583,3.64918809496062,0.749989385331196,-0.0379846491688687,2247623.4543053,0.575417691132743,-0.23499965850116,2.10190521961459,-0.858414707130176
2025-08-25,2025,236,"pasto_cercano",1.04316605086562,56.9064175976831,115.06619769449,22.6893734746009,1642.65594475465,0.287351818204676,0.285291994142832,16.6644502273136,607.766174981132,3.6528338492285,0.285577196752582,3.28216624163574,0.674558224476987,-0.0801302913565868,2698318.55283778,0.57368285134081,-0.288105654588228,2.09556813809963,-1.05240208723401
2025-09-06,2025,248,"pasto_cercano",1.09193655998841,85.4676808166783,145.408227854277,22.4905768644385,1790.46538748751,0.30668707713641,0.31265408987769,17.1471732955975,541.756812823899,3.6528338492285,0.298928614072888,3.07976114308275,0.6329594711375,-0.0817801880693207,3205766.30379082,0.529264330711328,-0.230335716638441,1.9333146624116,-0.841378102423199
2025-09-14,2025,256,"pasto_cercano",1.08638064649672,104.011269919884,140.284573747334,17.6603400936167,1878.90688775661,0.32754767715806,0.320663962973989,11.4781586415094,446.083914880503,3.6528338492285,0.297407626882941,2.93392732915182,0.602987376078437,-0.0821345719410211,3530291.09285922,0.489240563335788,-0.191832936452848,1.78711449016859,-0.700733843671861
2025-09-26,2025,268,"pasto_cercano",1.3081929621901,105.749965912904,169.575418301178,11.9461723687514,2001.76934641633,0.360353685774893,0.361096343154427,11.9123265714286,418.135790792453,3.6528338492285,0.358130978901873,2.84588994850756,0.584893734622481,-0.0478261540750633,4007080.51625204,0.513127696968392,-0.154996718066519,1.8743702204628,-0.566177258272708
2025-10-06,2025,278,"pasto_cercano",1.15970336370404,84.4873271114971,169.955007928175,11.9895632066067,2089.57329278143,0.330185934182733,0.320404614042686,13.3494104107704,388.572122396226,3.6528338492285,0.317480458069281,2.61663485463668,0.537776709557726,-0.0433154276738287,4366316.54590541,0.479148167500235,-0.161667709430955,1.75024864504066,-0.590545281336628
2025-10-14,2025,286,"pasto_cercano",1.09720818569903,66.6058051764564,170.61707509634,15.0122142631803,2164.65053057961,0.288388564151788,0.294351003454916,12.3742658168127,400.259202024416,3.6528338492285,0.300371774623904,2.38077520611968,0.489302301494196,-0.0462151100639861,4685711.91953858,0.489457151700759,-0.189085377076855,1.7879056514795,-0.690697465780469
2018-04-19,2018,108,"pasto_intermedio",0.834991889033288,NA,NA,16.8147170292757,93.515880032106,0.357319735880918,0.369543895781415,17.9843454528302,NA,2.96309497325147,0.281797207504636,1.3647074027881,0.335333739324066,-0.104791742808515,8745.21981817924,NA,NA,NA,NA
2018-04-24,2018,113,"pasto_intermedio",1.09679659160371,NA,NA,16.5087249387985,147.01973611124,0.358709497271844,0.358228383574096,22.6735537915544,NA,2.96309497325147,0.370152358093391,1.94344864184675,0.477541119014464,-0.0413110264739248,21614.8028062185,NA,NA,NA,NA
2018-06-23,2018,173,"pasto_intermedio",2.73464178097817,187.777250368341,272.446584728035,16.6167284471684,617.478712688904,0.322930675882463,0.334519063401772,20.6393058167116,507.357901044025,2.96309497325147,0.922900482658977,4.06969905724053,1,0.0210476797544259,381279.960623946,0.913870339257198,0.00903014340177932,2.70788460845662,0.0267571725215525
2018-07-08,2018,188,"pasto_intermedio",2.96309497325147,145.100023326316,311.928066363603,19.9408178693344,827.104015189599,0.373413261877416,0.376322040517875,20.4672349541779,596.528238125786,2.96309497325147,1,3.8213018175825,0.938964224095121,-0.000365763608699998,684101.051942756,0.890466594136994,0.109533405863006,2.63853708893569,0.324557884315786
2018-07-13,2018,193,"pasto_intermedio",2.64745114019948,108.249529614514,309.213565933099,19.3879198542181,897.273141848169,0.380269134569468,0.374812919388777,22.8811682596586,636.828081427673,2.96309497325147,0.893474952405716,3.49326133530441,0.858358636884816,-0.0616160753197095,805099.091082084,0.878647380930542,0.0148275714751743,2.60351563769586,0.0439355025036159
2018-07-23,2018,203,"pasto_intermedio",2.52501476376195,151.274963596787,339.052213965128,20.1881881074086,1033.89893536518,0.37288008196049,0.380667129652555,19.7427851662174,631.089083679245,2.96309497325147,0.852154516326959,3.37517513997751,0.829342684190032,-0.0486471916287321,1068947.00854925,0.855542828363881,-0.00338831203692203,2.53505465412636,-0.0100398903644114
2018-08-02,2018,213,"pasto_intermedio",2.2764242829646,108.498522767936,249.961217784506,21.6150812336984,1183.3021305884,0.317928564123638,0.32587616648564,18.114983230009,593.484373037736,2.96309497325147,0.768258966895896,3.31874949515125,0.815477864203928,-0.0209436219749821,1400203.93225504,0.797218416931566,-0.02895945003567,2.36223388379342,-0.0858096008288212
2018-08-12,2018,223,"pasto_intermedio",1.94727223272784,128.443882321176,236.69341193569,20.6038759843359,1336.73440294166,0.37686602874372,0.373433652913795,19.7044628221024,598.578950308176,2.96309497325147,0.657175099113024,3.24061933100901,0.796279844143148,-0.00223786128253733,1786858.8640078,0.77781158327655,-0.120636484163526,2.30472959254352,-0.357457359815676
2018-08-22,2018,233,"pasto_intermedio",1.75020272904684,94.6403320050846,245.915295601872,20.6083416472941,1460.81665854304,0.323428973711761,0.335483552025049,19.328071933513,590.69118263522,2.96309497325147,0.590667104782775,3.09799129540425,0.761233509365395,-0.00324722184838044,2133985.30987687,0.734878660109171,-0.144211555326396,2.17751526371926,-0.427312534672422
2018-08-27,2018,238,"pasto_intermedio",1.66328964722535,91.8101892232146,242.139955843256,19.5110072393837,1523.79648448057,0.305487920653145,0.314801644979033,19.7916068814016,593.971691918239,2.96309497325147,0.561335246504157,2.99899024166161,0.736907127401967,-0.0112745112425878,2321955.72611534,0.725354284430949,-0.164019037926791,2.14929363402376,-0.486003986798418
2018-09-01,2018,243,"pasto_intermedio",1.6316154055595,97.6994804710576,206.198003238994,17.4120892122857,1589.45294047822,0.305541428380043,0.307775641387364,19.8897243728661,590.285416106918,2.96309497325147,0.550645666199855,2.98561197137963,0.733619840038992,0.00185643950876757,2526360.64999485,0.678878168413734,-0.12823250221388,2.0115804882769,-0.379965082717405
2018-09-11,2018,253,"pasto_intermedio",1.58451687749591,52.9137441295952,181.357626450771,19.5817593172661,1714.8450847074,0.332176754309696,0.330330355362322,15.253750950584,536.35514145283,2.96309497325147,0.534750621157843,2.76338771386064,0.6790152478091,-0.0176368641460973,2940693.66454512,0.596803789037393,-0.0620531678795496,1.76838630731413,-0.183869429818223
2018-09-26,2018,268,"pasto_intermedio",1.27639693534974,44.898759254331,136.708948477546,17.4473760536882,1911.14072811599,0.267658781455498,0.272478246588877,16.6677964778751,514.556534917453,2.96309497325147,0.430764773614097,2.45299408880175,0.602745818376313,-0.0299740703212316,3652458.88266371,0.538064190760965,-0.107299417146868,1.59433529893044,-0.317938363580698
2018-10-16,2018,288,"pasto_intermedio",1.08849113842307,73.3337415975873,116.18819239419,13.5262627375701,2102.09424162331,0.370676190598206,0.372921489319711,11.0881321302785,437.36931511191,2.96309497325147,0.367349392526775,2.20740886145128,0.542401005677314,0.0187042884935092,4418800.20066589,0.403554991528405,-0.0362055990016305,1.19577176682836,-0.10728062840529
2018-10-21,2018,293,"pasto_intermedio",1.01754426068431,74.7500333909344,121.521094564183,15.5947924743909,2148.68054915295,0.357851300349525,0.355668647234295,9.45283370979335,392.838704872916,2.96309497325147,0.343405888056209,1.9629957207651,0.482344196255167,-0.011299501389174,4616828.10230821,0.384345317586432,-0.0409394295302224,1.1388516785331,-0.121307417848785
2019-04-29,2019,118,"pasto_intermedio",1.46120338623474,NA,NA,10.5606155139596,122.354707070917,0.355307766976346,0.362469882085388,17.6310673135669,NA,2.69841391326972,0.541504540518829,2.08068214229817,0.430607222976634,-0.163782580138942,14970.6743424099,NA,NA,NA,NA
2019-05-14,2019,133,"pasto_intermedio",1.99402955713581,79.2164070590295,NA,12.5762443406527,209.301629305187,0.316105098844324,0.325505190675364,21.5147694573226,579.911311371069,2.69841391326972,0.738963562013215,4.08609681518911,0.84563747947528,0.0547835566763841,43807.1720298058,NA,NA,NA,NA
2019-06-03,2019,153,"pasto_intermedio",2.36465410620069,103.292430997788,203.769487209187,17.5489509574522,359.362474162425,0.305262161750713,0.32233357679419,26.0146039424978,630.159127786163,2.69841391326972,0.876312597771701,4.83197222730068,1,0.049866019394982,129141.38783614,0.969514050920071,-0.0932014531483697,2.61615020411321,-0.251496097912517
2019-06-08,2019,158,"pasto_intermedio",2.51211052817902,125.787807012474,212.015755645404,12.6314681814902,401.078054744794,0.371703673708614,0.371765248680515,22.8515336136568,626.226472050314,2.69841391326972,0.930958188373351,4.71176049599498,0.975121601356377,0.00630845011133496,160863.605997868,0.981204019634338,-0.0502458312609867,2.64769457833747,-0.135584050158449
2019-06-13,2019,163,"pasto_intermedio",2.69841391326972,141.091514258122,220.307921317152,13.15822602358,433.159260776609,0.371865496445502,0.37324190489651,20.0817174770889,601.012165333333,2.69841391326972,1,4.62273950981493,0.95669827812677,-0.0226561118815526,187626.945196539,0.976713453244508,0.0232865467554916,2.6355771715127,0.0628367417570241
2019-06-18,2019,168,"pasto_intermedio",2.62959481926688,83.4035103848985,198.141200995485,21.1711993931225,489.868913187473,0.325773768954807,0.339174927905421,24.1967175274034,638.982424886792,2.69841391326972,0.974496464880939,4.55349020007182,0.942366798870359,-0.0400729429679079,239971.552107475,0.93321355787282,0.0412829070081189,2.51819644861595,0.111398370650928
2019-06-28,2019,178,"pasto_intermedio",2.40329406721732,85.1165319625222,198.665882135999,21.583988296061,638.909696835694,0.282834210985612,0.304947211807379,26.092605737646,694.32670391195,2.69841391326972,0.890632106289876,4.46429481267128,0.923907382465483,-0.0459812814103323,408205.600710678,0.912571385518036,-0.0219392792281604,2.4624953235337,-0.0592012563163773
2019-08-17,2019,228,"pasto_intermedio",1.24135599391263,86.7594306660784,170.733701072548,20.7290645039557,1337.81848946738,0.294518504752553,0.304594109893095,21.0546094249775,601.534942,2.69841391326972,0.460031720044184,3.73673791696324,0.773335967423539,-0.00778987215106108,1789758.31076077,0.702262020441436,-0.242230300397252,1.89499360672008,-0.653637612807448
2019-09-16,2019,258,"pasto_intermedio",1.21589712959841,47.6174710496003,134.376901715679,19.4225375961208,1705.94291514751,0.2732372103997,0.261720868776429,16.8512825444744,552.335806358491,2.69841391326972,0.450596968693023,3.15319992373159,0.652569960132631,-0.0245391773071675,2910241.22974198,0.609189193463445,-0.158592224770422,1.64384459545532,-0.427947465856906
2019-10-11,2019,283,"pasto_intermedio",1.20551411668938,30.6242539011543,77.1491778194425,17.5451928808505,1990.51149836607,0.261511538763466,0.249816888533298,12.7028904868283,420.839798173128,2.69841391326972,0.446749147994363,2.47636522187933,0.512495748193221,-0.0404678556340795,3962136.02512752,0.45225566496418,-0.00550651696981658,1.22037297869439,-0.0148588620050087
2019-10-26,2019,298,"pasto_intermedio",1.36130233031006,145.25836635609,181.334364389636,13.7747783444963,2117.17606929244,0.380998699420153,0.386855529789155,8.23442655705301,334.640265119276,2.69841391326972,0.504482401167484,2.22011279734617,0.45946307075246,-0.00367100886770882,4482434.50838457,0.52042973092944,-0.0159473297619563,1.40433482681922,-0.0430324965091633
2020-05-28,2020,148,"pasto_intermedio",3.26431825504959,83.6653482726214,NA,20.1187925942539,476.41417614839,0.295818172910678,0.311202686537737,24.1773728751123,612.509545490566,3.26431825504959,1,4.0377086847113,1,0.0770801517682959,226970.467235149,NA,NA,NA,NA
2020-06-22,2020,173,"pasto_intermedio",2.80730191961821,105.78207876497,224.742378011372,16.7284594985674,713.370634430061,0.334570462848655,0.347844963053737,23.1291201617251,634.893113295597,3.26431825504959,0.859996391367656,3.63764892936418,0.900919113639392,-0.0780332066061823,508897.662067148,0.894771367243765,-0.0347749758761089,2.92081850818951,-0.113516588571291
2020-06-27,2020,178,"pasto_intermedio",2.69238256854672,121.0636815332,204.729029805821,19.0864870387304,789.915843379024,0.363233524298518,0.351820932244355,24.5113053998203,616.045899408805,3.26431825504959,0.82479168946896,3.75542770625005,0.930088820045363,-0.0397998438304529,623967.039621195,0.868044892839187,-0.0432532033702273,2.83357478989753,-0.141192221350805
2020-07-22,2020,203,"pasto_intermedio",1.86148397082817,39.3314060676023,145.113484832572,21.1487905258403,1090.31971668268,0.23534819764911,0.248016361920339,23.5546993198562,661.602286949685,3.26431825504959,0.570251986903738,3.12483571435265,0.773913117155969,-0.104076758662796,1188797.08458699,0.811692620296991,-0.241440633393252,2.6496230379245,-0.78813906709633
2020-07-27,2020,208,"pasto_intermedio",1.48059964839776,23.1246206500101,144.18830218321,21.9404144910896,1162.02282992269,0.197196486611036,0.223273092845701,24.7908439398023,674.013360691824,3.26431825504959,0.453570863106687,3.18382506509746,0.788522727544199,-0.0683568799056635,1350297.05726154,0.768668294772755,-0.315097431666068,2.50917794670455,-1.02857829830679
2020-08-06,2020,218,"pasto_intermedio",1.20739130371238,22.6665369328246,109.428034581212,24.4027541922324,1311.65186506468,0.191598972184603,0.204739196245525,21.0185183495058,675.246714773585,3.26431825504959,0.369875486817091,2.93278455942935,0.726348726081769,-0.0905771605686517,1720430.61512764,0.656828333706211,-0.28695284688912,2.14409672015099,-0.936705416438606
2020-08-16,2020,228,"pasto_intermedio",1.15480853114829,29.3400811966505,71.3927252693121,17.7109926515656,1474.60429602169,0.256291403460553,0.218431953114284,18.51629355885,662.657689918239,3.26431825504959,0.353767139390258,2.73549107064085,0.677485991250119,-0.10363984832448,2174457.82984564,0.59906969586329,-0.245302556473032,1.95555414425355,-0.800745613105253
2020-08-31,2020,243,"pasto_intermedio",0.968629412660587,58.3340603237811,80.0939899441571,14.823867196457,1673.80271375724,0.315814444104081,0.257625561840129,16.7091042785265,572.414048006289,3.26431825504959,0.296732529422402,2.60712029178931,0.645693014372512,-0.0860703861577122,2801615.52458111,0.562845527590145,-0.266112998167743,1.83730693048553,-0.868677517824942
2020-09-10,2020,253,"pasto_intermedio",0.901589430808859,47.2790919850695,67.8879898307245,17.593765001277,1791.99343559297,0.203580406476867,0.214542402411407,19.7276479415993,568.757629735849,3.26431825504959,0.276195321768699,2.42753518123462,0.601216028889461,-0.0954360830657367,3211240.47320831,0.476027828532367,-0.199832506763669,1.55390633058982,-0.652316899780965
2020-09-15,2020,258,"pasto_intermedio",0.871983749721975,38.177863520809,67.5179447174594,22.2045046632395,1873.63519073103,0.181256582152169,0.199102995530614,19.4706140179694,565.830706710692,3.26431825504959,0.267125838105123,2.26135200045248,0.560058235259776,-0.117050902180023,3510508.8279457,0.414884691704319,-0.147758853599196,1.35431567287103,-0.482331923149057
2020-09-20,2020,263,"pasto_intermedio",0.944354165438156,46.4805364190073,87.839104454137,16.0839587781415,1948.03766934697,0.332416330493471,0.252056160812858,15.4018430305481,544.275220962264,3.26431825504959,0.28929598515014,2.19435186002676,0.543464630902082,-0.112374655512632,3794850.76119478,0.479275640019334,-0.189979654869195,1.56450822091569,-0.620154055477533
2020-09-30,2020,273,"pasto_intermedio",0.872076704842101,95.874049448146,154.208109771927,14.4597581491531,2028.90906819278,0.354897209183475,0.35811851559445,11.3038931376909,488.445912082891,3.26431825504959,0.267154314225667,2.22882688636076,0.552002895800821,-0.0557563193037882,4116472.00699489,0.476269942785309,-0.209115628559642,1.55469666856551,-0.682619963723408
2021-04-23,2021,112,"pasto_intermedio",1.36301514871113,NA,NA,13.6607901559186,71.7082700005621,0.298154301113552,0.305966078360376,20.5100483225517,NA,2.85286943318777,0.477769901718955,1.51517336993256,0.346306780436796,-0.157018602638805,5142.07598647352,NA,NA,NA,NA
2021-05-08,2021,127,"pasto_intermedio",1.63388671661198,71.1651042710359,NA,18.9520088835583,163.092930529453,0.327908274012792,0.330947478112435,20.807024834681,550.407614754717,2.85286943318777,0.572716962649877,2.80316324720164,0.640688688463659,-0.078068275029097,26599.3039886851,NA,NA,NA,NA
2021-06-02,2021,152,"pasto_intermedio",2.5907233569,110.084462062605,179.427660136638,18.0145731696043,352.144891668517,0.390406338673718,0.379187206052384,22.6447504690027,569.353650201258,2.85286943318777,0.908111435722157,4.35104486342173,0.994471238796062,0.049090237286061,124006.024728232,0.985566120531022,-0.0774546848088655,2.81169145964841,-0.220968102748406
2021-06-07,2021,157,"pasto_intermedio",2.85286943318777,166.786522141081,237.951626412117,14.7404008965323,393.096787240372,0.366064979345294,0.376485598662114,17.6918666684636,552.491611025157,2.85286943318777,1,4.3207894018071,0.987556075349876,0.0218106044098503,154525.084138702,0.989807627532307,0.0101923724676932,2.82379192532302,0.0290775078647467
2021-06-12,2021,162,"pasto_intermedio",2.79101223727157,116.618931670673,215.129129302705,18.3612117551408,448.8152900168,0.322396520298732,0.334924305509971,23.3701051320755,564.018748987421,2.85286943318777,0.978317551025431,4.37523449012888,1,0.0221319727022183,201435.164552864,0.949173195631979,0.0291443553934524,2.70786719661963,0.0831450406519414
2021-07-02,2021,182,"pasto_intermedio",2.59764228577036,189.12180114823,299.206263210836,18.6114151056958,678.745445025144,0.34228293700788,0.353932226229014,19.5074309218329,593.042475308176,2.85286943318777,0.910536688273103,4.19765056260837,0.959411563443932,6.87889138487607e-05,460695.379142381,0.903303880699844,0.00723280757325884,2.57700803012848,0.020634255641879
2021-07-17,2021,197,"pasto_intermedio",1.99891440221929,93.6290475948557,268.115290635053,17.2805707383706,839.531255947571,0.332554759219507,0.339829293936803,17.4531953207547,567.82403372327,2.85286943318777,0.700668028815368,3.94630508452501,0.90196424749997,-0.00149625038153378,704812.729712906,0.872015289239794,-0.171347260424426,2.4877457639446,-0.488831361725309
2021-07-22,2021,202,"pasto_intermedio",1.95374527460051,55.7607805264675,262.201537783414,22.3144925739281,914.343268574011,0.277316663250233,0.297230180704369,25.200301458221,603.445008119497,2.85286943318777,0.68483515294193,3.85170491720455,0.880342510988729,-0.00190674125575396,836023.612786607,0.884103947647488,-0.199268794705558,2.52223312800416,-0.568487853403655
2021-08-11,2021,222,"pasto_intermedio",1.56665692737114,52.2627352209102,205.365967992163,20.6618938430051,1148.83099678488,0.307414140841246,0.302637561062347,19.4156088203055,599.12708145283,2.85286943318777,0.549151289275993,3.47881120147786,0.795114229723349,-0.00699832701737635,1319812.65917373,0.793299782522782,-0.24414849324679,2.26318070091375,-0.696523773542617
2021-08-26,2021,237,"pasto_intermedio",1.41980275797732,41.9797886258941,84.1292106318153,19.1369856652474,1340.76485258938,0.229100997093089,0.247521439938175,19.451253769991,558.966865257862,2.85286943318777,0.497675337490241,3.37091378608727,0.770453285119346,0.0190178199554515,1797650.38993903,0.684093152731547,-0.186417815241307,1.95162844488089,-0.53182568690357
2021-08-31,2021,242,"pasto_intermedio",1.27632416839849,32.5400795195924,81.9704110164038,17.4801304079452,1398.34040221289,0.205783572086998,0.22877715168759,21.0726860422282,583.066843427673,2.85286943318777,0.447382608383987,3.18164864899052,0.727195000900808,-0.0078850960804846,1955355.8804609,0.649579418748868,-0.202196810364881,1.85316526817652,-0.576841099778034
2021-09-05,2021,247,"pasto_intermedio",1.35521804410739,52.028302147366,108.171331836913,22.3270637048366,1465.19950126712,0.328721844175327,0.326014176854547,16.2282250260557,555.700483937107,2.85286943318777,0.475036827252581,3.18655136960955,0.728315562697001,0.0100999568682819,2146809.57851343,0.577187197507346,-0.102150370254766,1.64663971299602,-0.291421668888634
2021-09-30,2021,272,"pasto_intermedio",1.03040247828122,113.394356345653,145.934435865246,13.4085954814088,1765.09581055392,0.35844423386036,0.353761022695705,12.9129348632075,403.36823419942,2.85286943318777,0.361181085364239,2.57741552786778,0.58909197522619,-0.0238019203629943,3115563.22043499,0.536822949589642,-0.175641864225403,1.53148578391799,-0.501083305636769
2022-05-28,2022,147,"pasto_intermedio",1.95178460337656,42.0025553359317,NA,14.4339207327341,401.460907405479,0.304889517010383,0.305546853527333,16.4342612955975,604.600928924528,2.15726848779569,0.904748117546974,4.5290228389207,0.966995252245542,0.0505542641353064,161170.86017483,NA,NA,NA,NA
2022-06-12,2022,162,"pasto_intermedio",2.15726848779569,45.8287947897484,157.086627043884,18.5246182031852,573.127208780894,0.276544810840919,0.276715445068647,20.6343352003594,643.787639641509,2.15726848779569,1,4.68360400777922,1,0.0221319727022183,328474.797444978,0.946768107316343,0.0532318926836567,2.04243300316351,0.114835484632175
2022-07-02,2022,182,"pasto_intermedio",1.2531355296209,99.443535503101,133.849101825983,18.3536081917881,834.193973688411,0.343565105142333,0.347674774173921,18.4028849757412,611.154895962264,2.15726848779569,0.58088992478695,4.38187329140923,0.935577235848967,-0.0237655386811165,695879.585738062,0.799159395905084,-0.218269471118134,1.72400138151188,-0.470865851890982
2022-07-12,2022,192,"pasto_intermedio",1.26650485015371,97.2104799666246,143.039274756373,23.7152999046214,964.931712291728,0.287137497396089,0.304434688836024,25.0639110395328,635.172333113208,2.15726848779569,0.587087262118141,4.29323015291088,0.916650969163928,-0.00733452789435141,931093.209386245,0.780199214358613,-0.193111952240472,1.68309917933879,-0.416594329185076
2022-07-17,2022,197,"pasto_intermedio",1.07273367985456,94.6730826469424,134.284764383935,27.9327968005615,1066.53148407526,0.225960069732346,0.255301593484619,29.2432606648697,657.088979811321,2.15726848779569,0.497264798481659,4.14355860421527,0.884694478297704,-0.0187660195837999,1137489.40652379,0.807755080878959,-0.3104902823973,1.74254458183704,-0.66981090198248
2022-08-06,2022,217,"pasto_intermedio",0.747510523750168,10.1569634092095,114.003684177712,20.5367907941966,1361.94502868413,0.181018533446754,0.195065968691428,21.5172608014376,714.980534276729,2.15726848779569,0.346507876965272,3.47804466245623,0.742600069664169,-0.0781393928058693,1854894.26115741,0.623779996341213,-0.277272119375941,1.34566092942421,-0.598150405674042
2022-08-16,2022,227,"pasto_intermedio",0.699682876441186,22.7135186186112,117.386601265554,18.6389398138978,1532.99081251277,0.211411768035569,0.192099480758923,20.2907046460018,648.750628446541,2.15726848779569,0.324337411128703,3.68637487393652,0.787080818065243,0.00254748633301838,2350060.83124855,0.566079395241292,-0.241741984112589,1.22118524094448,-0.521502364503294
2022-09-05,2022,247,"pasto_intermedio",0.767843157824527,77.2642494189065,87.421212828116,21.6994608577193,1818.03595984277,0.277491795441889,0.278892537582845,17.0405333495058,553.725239018868,2.15726848779569,0.35593305245427,3.18804699427877,0.680682437922504,-0.0375331679062152,3305254.75128143,0.49595916045396,-0.140026107999689,1.06991706808093,-0.302073910256406
2022-09-10,2022,252,"pasto_intermedio",0.720751476881723,74.2740478547393,89.7035812357134,19.0113552645318,1883.69930627531,0.250532374192084,0.255552688234757,18.5127485489668,518.882350471698,2.15726848779569,0.334103743210096,3.06857637010571,0.65517417036303,-0.0452006282736575,3548323.0764621,0.502030005140221,-0.167926261930125,1.08301351001691,-0.362262033135184
2022-09-20,2022,262,"pasto_intermedio",0.698039011765082,61.1743195353121,98.9701044231149,13.762971704511,2017.3365146701,0.244732214969659,0.239627542735646,17.5240571284816,504.886400327044,2.15726848779569,0.323575399035445,3.02936084698823,0.646801232972861,-0.0134379582804404,4069646.6134213,0.467454138958944,-0.143878739923499,1.0084240834658,-0.310385071700716
2022-10-05,2022,277,"pasto_intermedio",0.705339618034287,70.4539818132477,147.718231232154,16.1815805319221,2145.47224876836,0.317818485715854,0.323055396289945,13.4577452651617,443.327917985456,2.15726848779569,0.326959588954552,2.79017734401169,0.595732973875963,0.00918132001919425,4603051.17023517,0.421349736268007,-0.0943901473134547,0.908964508391996,-0.203624890357709
2022-10-15,2022,287,"pasto_intermedio",0.767965521389551,91.9427610994328,169.747901841243,17.0814815601213,2250.45621568772,0.349227735331473,0.351424120757065,10.2170476988853,383.970183626228,2.15726848779569,0.355989773982312,2.28756841674576,0.488420543868832,-0.0412035855556345,5064553.1787275,0.438095157455624,-0.082105383473312,0.945088877834908,-0.177123356445357
2023-04-08,2023,97,"pasto_intermedio",1.12223482548984,NA,NA,12.456741587321,22.2882871935704,0.348395209642326,0.359784373697245,19.5873554797844,NA,2.12432034996259,0.528279468541365,1.31522929068378,0.451199901646673,0.190117957390118,496.767746023075,NA,NA,NA,NA
2023-07-22,2023,202,"pasto_intermedio",1.62781816568953,24.1307788238122,196.802631284921,17.7446081677323,1088.67679727583,0.253047685203312,0.265080134073893,20.3942836999102,612.804409396226,2.12432034996259,0.766277160466028,2.86278842580884,0.982102410058583,0.0998531578141001,1185217.16892675,0.855356049142196,-0.0890788886761679,1.81705026165637,-0.189232095966836
2023-07-27,2023,207,"pasto_intermedio",2.12432034996259,36.8238488644638,203.259253115179,19.1053367454801,1149.94215929364,0.285439939119031,0.267398803738928,20.0012141761006,584.671184773585,2.12432034996259,1,2.91495916972454,1,0.138937188928963,1322366.96972091,0.843647691138779,0.156352308861221,1.79217795848506,0.332142391477528
2023-08-11,2023,222,"pasto_intermedio",2.06233384816727,40.1441949584047,160.814958530973,21.2858642306218,1345.24279526525,0.235918159005027,0.247130858823188,24.949149163522,617.959301044025,2.12432034996259,0.970820548889243,2.81709917071177,0.966428346568566,0.164315789827841,1809678.17821306,0.754899820414898,0.215920728474344,1.60364905069047,0.458684797476797
2023-08-21,2023,232,"pasto_intermedio",1.62087604597718,48.872787514328,73.0035663381402,22.9323120820947,1504.92651350074,0.236081705153363,0.241760226915467,20.1682611230907,612.879523836478,2.12432034996259,0.763009235403561,2.62126862465868,0.899247115322848,0.131478986115356,2264803.81103748,0.617005272934268,0.146003962469293,1.31071685732849,0.310159188648693
2023-09-20,2023,262,"pasto_intermedio",1.67281406133019,178.305491990818,227.178279505146,18.8153360538763,1937.33036667926,0.352468470607414,0.359008665604661,15.3257786028751,472.747637647799,2.12432034996259,0.787458474123099,2.58897143389067,0.888167306348693,0.227928115095392,3753248.9496576,0.6214697781312,0.165988695991899,1.32020089657085,0.352613164759346
2023-09-25,2023,267,"pasto_intermedio",1.59838177371158,186.597897427978,234.313240969851,18.1994674954525,1988.08530087421,0.359634063528769,0.368058861426587,14.7846116526842,459.646557669418,2.12432034996259,0.752420308801225,2.23023391332231,0.765099537752036,0.12760632952698,3952483.16355211,0.626008300649217,0.126412008152009,1.32984217231463,0.268539601396949
2023-09-30,2023,272,"pasto_intermedio",1.58969975817145,154.651673506837,231.531600468408,20.646679558744,2058.45863649861,0.320696530851928,0.332194905610954,17.5183827543555,472.507469603381,2.12432034996259,0.748333347274785,2.18530465125524,0.749686195934521,0.136792300345337,4237251.9581757,0.587495019677366,0.160838327597419,1.2480276258023,0.341672132369147
2023-10-05,2023,277,"pasto_intermedio",1.54702419940025,98.7381046346794,218.742106202125,18.9037397556585,2129.64973063119,0.305932726750084,0.312988544660044,15.1880486672282,467.291414266116,2.12432034996259,0.728244306197742,2.12155918799634,0.727817806174219,0.14126615231745,4535407.97517752,0.560916698160789,0.167327608036953,1.19156675653679,0.355457442863463
2023-10-10,2023,282,"pasto_intermedio",1.40049277613677,94.9340266095023,217.867338102855,18.1075169089456,2203.00719850249,0.275745877679789,0.290954826762841,15.9796782285455,451.927410338419,2.12432034996259,0.659266280700759,2.06590286506735,0.708724460542814,0.150032999048681,4853240.71665378,0.571609492883524,0.0876567878172346,1.21428167796427,0.186211098172504
2023-10-30,2023,302,"pasto_intermedio",1.71546537105057,164.692977476818,319.344650983655,12.3876212801823,2393.24409546123,0.41447867187564,0.421089897615605,7.24885171428571,341.000288068372,2.12432034996259,0.807536100231199,NA,NA,NA,5727617.30046003,0.662368886652873,0.145167213578326,1.40708370509876,0.308381665951803
2024-04-12,2024,102,"pasto_intermedio",1.65238307575925,NA,NA,14.8686122638375,81.4188815350805,0.366772191829402,0.377599980596226,19.4376937610063,NA,2.12634195366759,0.777101290274202,1.33670385238718,0.346808331572804,0.00378716421076297,6629.03427042348,NA,NA,NA,NA
2024-07-31,2024,212,"pasto_intermedio",2.12634195366759,37.7755783382664,131.75575586147,23.4404421576414,1100.65509383724,0.250804751174255,0.253166134252488,23.5776714869721,662.86740027673,2.12634195366759,1,3.85430144173617,1,0.159556699695026,1211441.63558986,0.796142419217658,0.203857580782342,1.69287102707692,0.433470926590673
2024-08-05,2024,217,"pasto_intermedio",1.64364283096463,29.5366927009588,129.75071548222,20.2998308209753,1169.33278232791,0.213975114642449,0.231972844345765,21.9261311626235,669.538948320755,2.12634195366759,0.772990829687398,3.79761644445189,0.9852930555274,0.164553593057362,1367339.15582672,0.764818558208426,0.00817227147897148,1.62626578726213,0.0173770437024983
2024-08-10,2024,222,"pasto_intermedio",1.51731187354999,26.1966723282585,104.402225765012,23.3434824977531,1245.37685807186,0.195648429278808,0.21705656431506,21.5232363584906,650.07513909434,2.12634195366759,0.713578486721232,3.7174244042756,0.964487199683346,0.162374642942621,1550963.51862095,0.698882042770377,0.0146964439508548,1.48606220820756,0.031249665342427
2024-08-20,2024,232,"pasto_intermedio",1.36613431681389,32.8239856433021,92.9134660129988,17.484451072421,1382.89982042613,0.25417041378701,0.244367781425172,18.1740164285714,624.868299861635,2.12634195366759,0.642481005680923,3.60762633469839,0.936000048058862,0.168231918851371,1912411.91333462,0.675568853900487,-0.0330878482195647,1.43649039663974,-0.070356079825846
2024-09-14,2024,257,"pasto_intermedio",1.55038747024174,146.178251854235,186.292442734965,11.5295679368313,1663.75302525327,0.367657711420919,0.370546347440164,11.7750889541779,464.179996748428,2.12634195366759,0.729133650195624,3.14138687864423,0.815034040832363,0.133884438006111,2768074.1290394,0.638458734397919,0.0906749157977057,1.35758159263581,0.192805877605938
2024-09-24,2024,267,"pasto_intermedio",1.50918278881531,175.189300763368,216.529151528686,14.7101835318832,1755.57379869985,0.396345952271915,0.394015785533177,12.9287348960018,408.876332668239,2.12634195366759,0.709755449358567,2.74153857506569,0.711293243797447,0.0738000355723906,3082039.36268143,0.672150447025491,0.0376050023330752,1.42922169468673,0.0799610941285855
2024-09-29,2024,272,"pasto_intermedio",1.26793137414839,158.290404597691,235.546541667056,13.0623853055686,1801.23862291972,0.387616703345341,0.392991640282877,12.7116057945305,385.894592134827,2.12634195366759,0.596297021728521,2.58118116797667,0.669688452497888,0.0567945569087038,3244460.57669774,0.684386063549758,-0.0880890418212369,1.45523879943126,-0.187307425282875
2025-04-07,2025,96,"pasto_intermedio",1.2867109682122,NA,NA,11.4365432691274,35.1617146402037,0.372255801154882,0.379558347805991,16.5839902893082,NA,3.49756637625539,0.367887505137155,1.3206132081861,0.271415411454267,0.0267514094672719,1236.34617643911,NA,NA,NA,NA
2025-04-09,2025,98,"pasto_intermedio",1.45625093517982,NA,NA,13.8185129009703,52.8699333854693,0.353698496548635,0.36341492035104,18.3883409559748,NA,3.49756637625539,0.416361200481042,1.3288048653809,0.273098979356086,-0.00439816686080013,2795.22985618396,NA,NA,NA,NA
2025-04-29,2025,118,"pasto_intermedio",2.47791756092733,NA,NA,15.5629968487242,165.40015508064,0.376426862720673,0.388757699190696,18.8871893378257,NA,3.49756637625539,0.708469059443632,2.37418290943568,0.487947437779503,-0.106442365336073,27357.2113006998,NA,NA,NA,NA
2025-05-29,2025,148,"pasto_intermedio",3.29425071464662,129.313006305361,NA,19.4213221991837,393.558576235183,0.31439423711045,0.33004042037628,25.1897594519317,603.27475,3.49756637625539,0.941869391532051,4.86565298967416,1,0.0770801517682959,154888.352928264,NA,NA,NA,NA
2025-06-18,2025,168,"pasto_intermedio",3.49756637625539,83.2414401353313,253.763110826557,21.3345577695835,644.269452999925,0.323246835912548,0.336091566385713,23.0100476621743,643.104744849057,3.49756637625539,1,4.69893971995043,0.965736711993739,-0.0167030298445285,415083.128068822,0.910923794968638,0.0890762050313619,3.18601643661327,0.311549939642123
2025-06-21,2025,171,"pasto_intermedio",3.47592189333381,81.2408983030927,230.694002175389,22.3657434075634,699.439565816917,0.29716521089182,0.310305154548501,25.2861784564241,664.277698477987,3.49756637625539,0.993811559069036,4.73453404849618,0.973052138848323,-0.00802260586778092,489215.706230158,0.906786983249364,0.0870245758196716,3.17154766303903,0.304374230294771
2025-06-28,2025,178,"pasto_intermedio",3.15187744670263,89.491152788319,218.80415909368,21.8803398388237,808.266629604126,0.279748448785746,0.2852780968888,24.3851447906559,658.645395849057,3.49756637625539,0.901163010972541,4.59928335905524,0.945255111454885,-0.0246335524209305,653294.944531613,0.912493964566631,-0.0113309535940906,3.19150820900423,-0.0396307623016017
2025-07-01,2025,181,"pasto_intermedio",2.71592985643212,76.4854487995271,211.248008133766,23.7382351601399,866.139001984668,0.242521551919933,0.261047383274422,27.2705210799641,682.373649698113,3.49756637625539,0.776519889621047,4.59016162932078,0.943380392942525,-0.0188386628851372,750196.770758997,0.926385019234059,-0.149865129613012,3.24009309473975,-0.524163238307626
2025-07-16,2025,196,"pasto_intermedio",2.11996769976717,47.319245215911,143.969615064596,19.9013947164988,1070.83151130197,0.293161482181189,0.284459343496359,20.1432411293801,712.625148974843,3.49756637625539,0.606126509609483,4.21905446464983,0.867109609666671,-0.0405360447628703,1146680.12559725,0.779987375605508,-0.173860865996026,2.72805761882151,-0.608089919054343
2025-08-07,2025,218,"pasto_intermedio",1.59633268107935,59.9405470375986,103.128254311113,22.059755191763,1342.56480366849,0.224868874379924,0.242429696788828,23.4775903755615,611.194576044025,3.49756637625539,0.456412404898642,3.92219860230148,0.806099121870205,-0.010826764780215,1802480.25204941,0.696140874806629,-0.239728469907987,2.43479891686068,-0.838466235781327
2025-08-10,2025,221,"pasto_intermedio",1.53728595979345,48.695298498886,98.8877422692881,24.6442541310373,1395.10710349813,0.199484731166368,0.224841056879711,24.6319609209344,606.689323886792,3.49756637625539,0.43953017453219,3.9706307029659,0.816052996667114,0.01030280742755,1946323.83023094,0.658149564567229,-0.218619390035039,2.30192178757747,-0.764635827784015
2025-08-15,2025,226,"pasto_intermedio",1.24272687716966,36.2733038274502,83.5925490433611,28.343155289496,1499.20760880716,0.179029992541427,0.205633170949588,22.942228245283,626.671550339623,3.49756637625539,0.355311877883548,3.64918809496062,0.749989385331196,-0.0379846491688687,2247623.4543053,0.575417691132743,-0.220105813249195,2.01256156880839,-0.769834691638734
2025-08-25,2025,236,"pasto_intermedio",1.05201406437263,56.9064175976831,115.06619769449,22.6893734746009,1642.65594475465,0.287351818204676,0.285291994142832,16.6644502273136,607.766174981132,3.49756637625539,0.300784588825717,3.28216624163574,0.674558224476987,-0.0801302913565868,2698318.55283778,0.57368285134081,-0.272898262515093,2.00649385148394,-0.954479787111305
2025-09-06,2025,248,"pasto_intermedio",1.12483797473032,85.4676808166783,145.408227854277,22.4905768644385,1790.46538748751,0.30668707713641,0.31265408987769,17.1471732955975,541.756812823899,3.49756637625539,0.321605897851353,3.07976114308275,0.6329594711375,-0.0817801880693207,3205766.30379082,0.529264330711328,-0.207658432859975,1.85113712724725,-0.726299152516937
2025-09-14,2025,256,"pasto_intermedio",1.15862092464423,104.011269919884,140.284573747334,17.6603400936167,1878.90688775661,0.32754767715806,0.320663962973989,11.4781586415094,446.083914880503,3.49756637625539,0.331264885352853,2.93392732915182,0.602987376078437,-0.0821345719410211,3530291.09285922,0.489240563335788,-0.157975677982936,1.7111513442235,-0.552530419579264
2025-09-26,2025,268,"pasto_intermedio",1.38820286292795,105.749965912904,169.575418301178,11.9461723687514,2001.76934641633,0.360353685774893,0.361096343154427,11.9123265714286,418.135790792453,3.49756637625539,0.396905366071766,2.84588994850756,0.584893734622481,-0.0478261540750633,4007080.51625204,0.513127696968392,-0.116222330896625,1.79469817964201,-0.406495316714065
2025-10-06,2025,278,"pasto_intermedio",1.18405015465826,84.4873271114971,169.955007928175,11.9895632066067,2089.57329278143,0.330185934182733,0.320404614042686,13.3494104107704,388.572122396226,3.49756637625539,0.33853543500894,2.61663485463668,0.537776709557726,-0.0433154276738287,4366316.54590541,0.479148167500235,-0.140612732491295,1.67585251989321,-0.491802365234947
2025-10-14,2025,286,"pasto_intermedio",1.18925290481443,66.6058051764564,170.61707509634,15.0122142631803,2164.65053057961,0.288388564151788,0.294351003454916,12.3742658168127,400.259202024416,3.49756637625539,0.34002296936754,2.38077520611968,0.489302301494196,-0.0462151100639861,4685711.91953858,0.489457151700759,-0.149434182333219,1.71190887640631,-0.522655971591882
2018-04-19,2018,108,"pasto_remoto",0.719612189552911,NA,NA,16.8147170292757,93.515880032106,0.357319735880918,0.369543895781415,17.9843454528302,NA,2.85881689472433,0.251716782169885,1.3647074027881,0.335333739324066,-0.104791742808515,8745.21981817924,NA,NA,NA,NA
2018-04-24,2018,113,"pasto_remoto",0.927194458754062,NA,NA,16.5087249387985,147.01973611124,0.358709497271844,0.358228383574096,22.6735537915544,NA,2.85881689472433,0.324328032503624,1.94344864184675,0.477541119014464,-0.0413110264739248,21614.8028062185,NA,NA,NA,NA
2018-06-23,2018,173,"pasto_remoto",2.62443974685382,187.777250368341,272.446584728035,16.6167284471684,617.478712688904,0.322930675882463,0.334519063401772,20.6393058167116,507.357901044025,2.85881689472433,0.918016033729537,4.06969905724053,1,0.0210476797544259,381279.960623946,0.913870339257198,0.00414569447233915,2.61258796545593,0.0118517813978887
2018-07-08,2018,188,"pasto_remoto",2.85881689472433,145.100023326316,311.928066363603,19.9408178693344,827.104015189599,0.373413261877416,0.376322040517875,20.4672349541779,596.528238125786,2.85881689472433,1,3.8213018175825,0.938964224095121,-0.000365763608699998,684101.051942756,0.890466594136994,0.109533405863006,2.54568094350647,0.313135951217859
2018-07-13,2018,193,"pasto_remoto",2.55924913603481,108.249529614514,309.213565933099,19.3879198542181,897.273141848169,0.380269134569468,0.374812919388777,22.8811682596586,636.828081427673,2.85881689472433,0.895212680727352,3.49326133530441,0.858358636884816,-0.0616160753197095,805099.091082084,0.878647380930542,0.0165652997968099,2.51189197710952,0.0473571589252937
2018-07-23,2018,203,"pasto_remoto",2.44411764182773,151.274963596787,339.052213965128,20.1881881074086,1033.89893536518,0.37288008196049,0.380667129652555,19.7427851662174,631.089083679245,2.85881689472433,0.854940253899475,3.37517513997751,0.829342684190032,-0.0486471916287321,1068947.00854925,0.855542828363881,-0.000602574464406369,2.4458402918869,-0.00172265005917449
2018-08-02,2018,213,"pasto_remoto",2.21601831258084,108.498522767936,249.961217784506,21.6150812336984,1183.3021305884,0.317928564123638,0.32587616648564,18.114983230009,593.484373037736,2.85881689472433,0.77515223751136,3.31874949515125,0.815477864203928,-0.0209436219749821,1400203.93225504,0.797218416931566,-0.0220661794202057,2.27910147910935,-0.0630831665285028
2018-08-12,2018,223,"pasto_remoto",1.90722086974794,128.443882321176,236.69341193569,20.6038759843359,1336.73440294166,0.37686602874372,0.373433652913795,19.7044628221024,598.578950308176,2.85881689472433,0.667136420407872,3.24061933100901,0.796279844143148,-0.00223786128253733,1786858.8640078,0.77781158327655,-0.110675162868679,2.22362089518328,-0.316400025435346
2018-08-22,2018,233,"pasto_remoto",1.70480853790624,94.6403320050846,245.915295601872,20.6083416472941,1460.81665854304,0.323428973711761,0.335483552025049,19.328071933513,590.69118263522,2.85881689472433,0.596333588573757,3.09799129540425,0.761233509365395,-0.00324722184838044,2133985.30987687,0.734878660109171,-0.138545071535414,2.10088352909248,-0.396074991186232
2018-08-27,2018,238,"pasto_remoto",1.6494972958916,91.8101892232146,242.139955843256,19.5110072393837,1523.79648448057,0.305487920653145,0.314801644979033,19.7916068814016,593.971691918239,2.85881689472433,0.576985989881194,2.99899024166161,0.736907127401967,-0.0112745112425878,2321955.72611534,0.725354284430949,-0.148368294549755,2.07365508299187,-0.424157787100275
2018-09-01,2018,243,"pasto_remoto",1.58733171274014,97.6994804710576,206.198003238994,17.4120892122857,1589.45294047822,0.305541428380043,0.307775641387364,19.8897243728661,590.285416106918,2.85881689472433,0.555240776584678,2.98561197137963,0.733619840038992,0.00185643950876757,2526360.64999485,0.678878168413734,-0.123637391829056,1.94078837732069,-0.353456664580557
2018-09-11,2018,253,"pasto_remoto",1.52706610216034,52.9137441295952,181.357626450771,19.5817593172661,1714.8450847074,0.332176754309696,0.330330355362322,15.253750950584,536.35514145283,2.85881689472433,0.534160164289779,2.76338771386064,0.6790152478091,-0.0176368641460973,2940693.66454512,0.596803789037393,-0.0626436247476138,1.70615275493559,-0.179086652775249
2018-09-26,2018,268,"pasto_remoto",1.22651018516245,44.898759254331,136.708948477546,17.4473760536882,1911.14072811599,0.267658781455498,0.272478246588877,16.6677964778751,514.556534917453,2.85881689472433,0.429027192131773,2.45299408880175,0.602745818376313,-0.0299740703212316,3652458.88266371,0.538064190760965,-0.109036998629192,1.53822699899362,-0.311716813831168
2018-10-16,2018,288,"pasto_remoto",0.982152550216464,73.3337415975873,116.18819239419,13.5262627375701,2102.09424162331,0.370676190598206,0.372921489319711,11.0881321302785,437.36931511191,2.85881689472433,0.343552100880938,2.20740886145128,0.542401005677314,0.0187042884935092,4418800.20066589,0.403554991528405,-0.0600028906474672,1.15368982773174,-0.171537277515276
2018-10-21,2018,293,"pasto_remoto",0.948373507512031,74.7500333909344,121.521094564183,15.5947924743909,2148.68054915295,0.357851300349525,0.355668647234295,9.45283370979335,392.838704872916,2.85881689472433,0.331736358933012,1.9629957207651,0.482344196255167,-0.011299501389174,4616828.10230821,0.384345317586432,-0.0526089586534195,1.09877288732428,-0.150399379812249
2019-04-29,2019,118,"pasto_remoto",1.21549272408886,NA,NA,10.5606155139596,122.354707070917,0.355307766976346,0.362469882085388,17.6310673135669,NA,2.55855085586493,0.475070769573568,2.08068214229817,0.430607222976634,-0.163782580138942,14970.6743424099,NA,NA,NA,NA
2019-05-14,2019,133,"pasto_remoto",1.82303432199992,79.2164070590295,NA,12.5762443406527,209.301629305187,0.316105098844324,0.325505190675364,21.5147694573226,579.911311371069,2.55855085586493,0.712526123067283,4.08609681518911,0.84563747947528,0.0547835566763841,43807.1720298058,NA,NA,NA,NA
2019-06-03,2019,153,"pasto_remoto",2.16557100318546,103.292430997788,203.769487209187,17.5489509574522,359.362474162425,0.305262161750713,0.32233357679419,26.0146039424978,630.159127786163,2.55855085586493,0.846405299398818,4.83197222730068,1,0.049866019394982,129141.38783614,0.969514050920071,-0.123108751521253,2.48055100475462,-0.314980001569165
2019-06-08,2019,158,"pasto_remoto",2.44926721793012,125.787807012474,212.015755645404,12.6314681814902,401.078054744794,0.371703673708614,0.371765248680515,22.8515336136568,626.226472050314,2.55855085586493,0.957286900244995,4.71176049599498,0.975121601356377,0.00630845011133496,160863.605997868,0.981204019634338,-0.0239171193893428,2.51046038421355,-0.0611931662834269
2019-06-13,2019,163,"pasto_remoto",2.55855085586493,141.091514258122,220.307921317152,13.15822602358,433.159260776609,0.371865496445502,0.37324190489651,20.0817174770889,601.012165333333,2.55855085586493,1,4.62273950981493,0.95669827812677,-0.0226561118815526,187626.945196539,0.976713453244508,0.0232865467554916,2.49897104173353,0.0595798141314017
2019-06-18,2019,168,"pasto_remoto",2.44288944196572,83.4035103848985,198.141200995485,21.1711993931225,489.868913187473,0.325773768954807,0.339174927905421,24.1967175274034,638.982424886792,2.55855085586493,0.954794170444536,4.55349020007182,0.942366798870359,-0.0400729429679079,239971.552107475,0.93321355787282,0.0215806125717162,2.38767434720026,0.0552150947654537
2019-06-28,2019,178,"pasto_remoto",2.34581007853929,85.1165319625222,198.665882135999,21.583988296061,638.909696835694,0.282834210985612,0.304947211807379,26.092605737646,694.32670391195,2.55855085586493,0.91685106557957,4.46429481267128,0.923907382465483,-0.0459812814103323,408205.600710678,0.912571385518036,0.0042796800615339,2.33486029945502,0.0109497790842656
2019-08-07,2019,218,"pasto_remoto",1.03288747081726,90.4632418769249,175.7451322976,20.2114671175335,1204.24414085772,0.3555648671756,0.334220368907137,18.8761522722372,632.648635767296,2.55855085586493,0.403700191633706,3.24559641077322,0.671691859575594,-0.145234027074826,1450203.95079016,0.726510022831158,-0.322809831197451,1.85881284070911,-0.825925369891854
2019-08-17,2019,228,"pasto_remoto",1.32591094838883,86.7594306660784,170.733701072548,20.7290645039557,1337.81848946738,0.294518504752553,0.304594109893095,21.0546094249775,601.534942,2.55855085586493,0.518227318151389,3.73673791696324,0.773335967423539,-0.00778987215106108,1789758.31076077,0.702262020441436,-0.184034702290047,1.79677309344187,-0.470862145053048
2019-09-16,2019,258,"pasto_remoto",1.18068946865631,47.6174710496003,134.376901715679,19.4225375961208,1705.94291514751,0.2732372103997,0.261720868776429,16.8512825444744,552.335806358491,2.55855085586493,0.461468047801289,3.15319992373159,0.652569960132631,-0.0245391773071675,2910241.22974198,0.609189193463445,-0.147721145662156,1.55864153231956,-0.377952063663257
2019-10-11,2019,283,"pasto_remoto",1.148447787404,30.6242539011543,77.1491778194425,17.5451928808505,1990.51149836607,0.261511538763466,0.249816888533298,12.7028904868283,420.839798173128,2.55855085586493,0.448866507683997,2.47636522187933,0.512495748193221,-0.0404678556340795,3962136.02512752,0.45225566496418,-0.00338915728018202,1.15711911866387,-0.00867133125987052
2019-10-26,2019,298,"pasto_remoto",1.28248302985947,145.25836635609,181.334364389636,13.7747783444963,2117.17606929244,0.380998699420153,0.386855529789155,8.23442655705301,334.640265119276,2.55855085586493,0.501253679175325,2.22011279734617,0.45946307075246,-0.00367100886770882,4482434.50838457,0.52042973092944,-0.0191760517541151,1.33154593348708,-0.0490629036276014
2020-05-28,2020,148,"pasto_remoto",2.95522940720845,83.6653482726214,NA,20.1187925942539,476.41417614839,0.295818172910678,0.311202686537737,24.1773728751123,612.509545490566,2.95522940720845,1,4.0377086847113,1,0.0770801517682959,226970.467235149,NA,NA,NA,NA
2020-06-22,2020,173,"pasto_remoto",2.6836199529245,105.78207876497,224.742378011372,16.7284594985674,713.370634430061,0.334570462848655,0.347844963053737,23.1291201617251,634.893113295597,2.95522940720845,0.908091922196824,3.63764892936418,0.900919113639392,-0.0780332066061823,508897.662067148,0.894771367243765,0.0133205549530587,2.64425465720689,0.0393652957176154
2020-06-27,2020,178,"pasto_remoto",2.56655858084988,121.0636815332,204.729029805821,19.0864870387304,789.915843379024,0.363233524298518,0.351820932244355,24.5113053998203,616.045899408805,2.95522940720845,0.868480319866025,3.75542770625005,0.930088820045363,-0.0397998438304529,623967.039621195,0.868044892839187,0.000435427026838076,2.56527179409547,0.00128678675440552
2020-07-22,2020,203,"pasto_remoto",1.92504485629507,39.3314060676023,145.113484832572,21.1487905258403,1090.31971668268,0.23534819764911,0.248016361920339,23.5546993198562,661.602286949685,2.95522940720845,0.651402849335306,3.12483571435265,0.773913117155969,-0.104076758662796,1188797.08458699,0.811692620296991,-0.160289770961685,2.39873790111575,-0.473693044820677
2020-07-27,2020,208,"pasto_remoto",1.51489502717519,23.1246206500101,144.18830218321,21.9404144910896,1162.02282992269,0.197196486611036,0.223273092845701,24.7908439398023,674.013360691824,2.95522940720845,0.512615035394556,3.18382506509746,0.788522727544199,-0.0683568799056635,1350297.05726154,0.768668294772755,-0.256053259378199,2.27159114910122,-0.756696121926027
2020-08-06,2020,218,"pasto_remoto",1.25607957748189,22.6665369328246,109.428034581212,24.4027541922324,1311.65186506468,0.191598972184603,0.204739196245525,21.0185183495058,675.246714773585,2.95522940720845,0.425036233876814,2.93278455942935,0.726348726081769,-0.0905771605686517,1720430.61512764,0.656828333706211,-0.231792099829397,1.94107840725632,-0.684998829774431
2020-08-16,2020,228,"pasto_remoto",1.15846661501639,29.3400811966505,71.3927252693121,17.7109926515656,1474.60429602169,0.256291403460553,0.218431953114284,18.51629355885,662.657689918239,2.95522940720845,0.392005646732751,2.73549107064085,0.677485991250119,-0.10363984832448,2174457.82984564,0.59906969586329,-0.207064049130539,1.77038838218262,-0.611921767166224
2020-08-31,2020,243,"pasto_remoto",0.992763096047717,58.3340603237811,80.0939899441571,14.823867196457,1673.80271375724,0.315814444104081,0.257625561840129,16.7091042785265,572.414048006289,2.95522940720845,0.335934358810233,2.60712029178931,0.645693014372512,-0.0860703861577122,2801615.52458111,0.562845527590145,-0.226911168779912,1.66333765485015,-0.670574558802435
2020-09-10,2020,253,"pasto_remoto",0.949880795208926,47.2790919850695,67.8879898307245,17.593765001277,1791.99343559297,0.203580406476867,0.214542402411407,19.7276479415993,568.757629735849,2.95522940720845,0.321423708390272,2.42753518123462,0.601216028889461,-0.0954360830657367,3211240.47320831,0.476027828532367,-0.154604120142095,1.40677143752843,-0.456890642319508
2020-09-15,2020,258,"pasto_remoto",0.903562913120582,38.177863520809,67.5179447174594,22.2045046632395,1873.63519073103,0.181256582152169,0.199102995530614,19.4706140179694,565.830706710692,2.95522940720845,0.305750514974098,2.26135200045248,0.560058235259776,-0.117050902180023,3510508.8279457,0.414884691704319,-0.109134176730221,1.22607944152522,-0.322516528404634
2020-09-20,2020,263,"pasto_remoto",0.966919149662921,46.4805364190073,87.839104454137,16.0839587781415,1948.03766934697,0.332416330493471,0.252056160812858,15.4018430305481,544.275220962264,2.95522940720845,0.327189201388019,2.19435186002676,0.543464630902082,-0.112374655512632,3794850.76119478,0.479275640019334,-0.152086438631315,1.41636946554379,-0.449450315880866
2020-09-30,2020,273,"pasto_remoto",0.900233853325286,95.874049448146,154.208109771927,14.4597581491531,2028.90906819278,0.354897209183475,0.35811851559445,11.3038931376909,488.445912082891,2.95522940720845,0.304624017049038,2.22882688636076,0.552002895800821,-0.0557563193037882,4116472.00699489,0.476269942785309,-0.171645925736271,1.40748694068863,-0.507253087363345
2021-04-23,2021,112,"pasto_remoto",1.16812782817234,NA,NA,13.6607901559186,71.7082700005621,0.298154301113552,0.305966078360376,20.5100483225517,NA,2.69843008126523,0.432891641804051,1.51517336993256,0.346306780436796,-0.157018602638805,5142.07598647352,NA,NA,NA,NA
2021-05-08,2021,127,"pasto_remoto",1.50196665159009,71.1651042710359,NA,18.9520088835583,163.092930529453,0.327908274012792,0.330947478112435,20.807024834681,550.407614754717,2.69843008126523,0.556607585283757,2.80316324720164,0.640688688463659,-0.078068275029097,26599.3039886851,NA,NA,NA,NA
2021-06-02,2021,152,"pasto_remoto",2.37036716365256,110.084462062605,179.427660136638,18.0145731696043,352.144891668517,0.390406338673718,0.379187206052384,22.6447504690027,569.353650201258,2.69843008126523,0.87842452547118,4.35104486342173,0.994471238796062,0.049090237286061,124006.024728232,0.985566120531022,-0.107141595059842,2.65948126671678,-0.289114103064215
2021-06-07,2021,157,"pasto_remoto",2.69843008126523,166.786522141081,237.951626412117,14.7404008965323,393.096787240372,0.366064979345294,0.376485598662114,17.6918666684636,552.491611025157,2.69843008126523,1,4.3207894018071,0.987556075349876,0.0218106044098503,154525.084138702,0.989807627532307,0.0101923724676932,2.67092667679894,0.027503404466283
2021-06-12,2021,162,"pasto_remoto",2.59981113746889,116.618931670673,215.129129302705,18.3612117551408,448.8152900168,0.322396520298732,0.334924305509971,23.3701051320755,564.018748987421,2.69843008126523,0.963453215081973,4.37523449012888,1,0.0221319727022183,201435.164552864,0.949173195631979,0.0142800194499944,2.56127750342397,0.0385336340449172
2021-07-02,2021,182,"pasto_remoto",2.59285506286368,189.12180114823,299.206263210836,18.6114151056958,678.745445025144,0.34228293700788,0.353932226229014,19.5074309218329,593.042475308176,2.69843008126523,0.960875392275482,4.19765056260837,0.959411563443932,6.87889138487607e-05,460695.379142381,0.903303880699844,0.0575715115756377,2.43750236420407,0.15535269865961
2021-07-17,2021,197,"pasto_remoto",2.08686015552371,93.6290475948557,268.115290635053,17.2805707383706,839.531255947571,0.332554759219507,0.339829293936803,17.4531953207547,567.82403372327,2.69843008126523,0.773360840442911,3.94630508452501,0.90196424749997,-0.00149625038153378,704812.729712906,0.872015289239794,-0.0986544487968831,2.35307228780786,-0.266212132284149
2021-07-22,2021,202,"pasto_remoto",1.95701633878201,55.7607805264675,262.201537783414,22.3144925739281,914.343268574011,0.277316663250233,0.297230180704369,25.200301458221,603.445008119497,2.69843008126523,0.725242559504975,3.85170491720455,0.880342510988729,-0.00190674125575396,836023.612786607,0.884103947647488,-0.158861388142513,2.38569268729732,-0.428676348515309
2021-08-11,2021,222,"pasto_remoto",1.61981383009136,52.2627352209102,205.365967992163,20.6618938430051,1148.83099678488,0.307414140841246,0.302637561062347,19.4156088203055,599.12708145283,2.69843008126523,0.600280081865925,3.47881120147786,0.795114229723349,-0.00699832701737635,1319812.65917373,0.793299782522782,-0.193019700656857,2.14066399662064,-0.520850166529273
2021-08-26,2021,237,"pasto_remoto",1.44574213618377,41.9797886258941,84.1292106318153,19.1369856652474,1340.76485258938,0.229100997093089,0.247521439938175,19.451253769991,558.966865257862,2.69843008126523,0.535771575562149,3.37091378608727,0.770453285119346,0.0190178199554515,1797650.38993903,0.684093152731547,-0.148321577169398,1.84597754171837,-0.400235405534605
2021-08-31,2021,242,"pasto_remoto",1.35466995659848,32.5400795195924,81.9704110164038,17.4801304079452,1398.34040221289,0.205783572086998,0.22877715168759,21.0726860422282,583.066843427673,2.69843008126523,0.502021514659114,3.18164864899052,0.727195000900808,-0.0078850960804846,1955355.8804609,0.649579418748868,-0.147557904089754,1.75284464372273,-0.398174687124242
2021-09-05,2021,247,"pasto_remoto",1.40011956421365,52.028302147366,108.171331836913,22.3270637048366,1465.19950126712,0.328721844175327,0.326014176854547,16.2282250260557,555.700483937107,2.69843008126523,0.518864496039552,3.18655136960955,0.728315562697001,0.0100999568682819,2146809.57851343,0.577187197507346,-0.0583227014677947,1.557499296275,-0.157379732061349
2021-09-30,2021,272,"pasto_remoto",1.01940508367259,113.394356345653,145.934435865246,13.4085954814088,1765.09581055392,0.35844423386036,0.353761022695705,12.9129348632075,403.36823419942,2.69843008126523,0.377777097413108,2.57741552786778,0.58909197522619,-0.0238019203629943,3115563.22043499,0.536822949589642,-0.159045852176534,1.44857919548622,-0.429174111813623
2022-05-28,2022,147,"pasto_remoto",1.86283277558671,42.0025553359317,NA,14.4339207327341,401.460907405479,0.304889517010383,0.305546853527333,16.4342612955975,604.600928924528,2.04357378275596,0.911556407361275,4.5290228389207,0.966995252245542,0.0505542641353064,161170.86017483,NA,NA,NA,NA
2022-06-12,2022,162,"pasto_remoto",2.04357378275596,45.8287947897484,157.086627043884,18.5246182031852,573.127208780894,0.276544810840919,0.276715445068647,20.6343352003594,643.787639641509,2.04357378275596,1,4.68360400777922,1,0.0221319727022183,328474.797444978,0.946768107316343,0.0532318926836567,1.93479048246116,0.1087833002948
2022-07-02,2022,182,"pasto_remoto",1.32429205907476,99.443535503101,133.849101825983,18.3536081917881,834.193973688411,0.343565105142333,0.347674774173921,18.4028849757412,611.154895962264,2.04357378275596,0.648027524256465,4.38187329140923,0.935577235848967,-0.0237655386811165,695879.585738062,0.799159395905084,-0.151131871648619,1.63314118971472,-0.308849130639956
2022-07-12,2022,192,"pasto_remoto",1.34909333419748,97.2104799666246,143.039274756373,23.7152999046214,964.931712291728,0.287137497396089,0.304434688836024,25.0639110395328,635.172333113208,2.04357378275596,0.660163751160524,4.29323015291088,0.916650969163928,-0.00733452789435141,931093.209386245,0.780199214358613,-0.120035463198089,1.59439465979006,-0.245301325592582
2022-07-17,2022,197,"pasto_remoto",1.15349597957864,94.6730826469424,134.284764383935,27.9327968005615,1066.53148407526,0.225960069732346,0.255301593484619,29.2432606648697,657.088979811321,2.04357378275596,0.564450370870893,4.14355860421527,0.884694478297704,-0.0187660195837999,1137489.40652379,0.807755080878959,-0.243304710008066,1.65070710617216,-0.497211126593524
2022-08-06,2022,217,"pasto_remoto",0.874667371041564,10.1569634092095,114.003684177712,20.5367907941966,1361.94502868413,0.181018533446754,0.195065968691428,21.5172608014376,714.980534276729,2.04357378275596,0.428008706327202,3.47804466245623,0.742600069664169,-0.0781393928058693,1854894.26115741,0.623779996341213,-0.195771290014012,1.27474044673051,-0.400073075688948
2022-08-16,2022,227,"pasto_remoto",0.765336391075598,22.7135186186112,117.386601265554,18.6389398138978,1532.99081251277,0.211411768035569,0.192099480758923,20.2907046460018,648.750628446541,2.04357378275596,0.374508812715079,3.68637487393652,0.787080818065243,0.00254748633301838,2350060.83124855,0.566079395241292,-0.191570582526212,1.15682501107345,-0.391488619997855
2022-09-05,2022,247,"pasto_remoto",0.812540377524001,77.2642494189065,87.421212828116,21.6994608577193,1818.03595984277,0.277491795441889,0.278892537582845,17.0405333495058,553.725239018868,2.04357378275596,0.397607556125628,3.18804699427877,0.680682437922504,-0.0375331679062152,3305254.75128143,0.49595916045396,-0.0983516043283318,1.01352913762137,-0.200988760097366
2022-09-10,2022,252,"pasto_remoto",0.760260497838031,74.2740478547393,89.7035812357134,19.0113552645318,1883.69930627531,0.250532374192084,0.255552688234757,18.5127485489668,518.882350471698,2.04357378275596,0.372024981066622,3.06857637010571,0.65517417036303,-0.0452006282736575,3548323.0764621,0.502030005140221,-0.130005024073599,1.0259353566614,-0.265674858823365
2022-09-20,2022,262,"pasto_remoto",0.729102769623244,61.1743195353121,98.9701044231149,13.762971704511,2017.3365146701,0.244732214969659,0.239627542735646,17.5240571284816,504.886400327044,2.04357378275596,0.356778294855582,3.02936084698823,0.646801232972861,-0.0134379582804404,4069646.6134213,0.467454138958944,-0.110675844103362,0.955277023017259,-0.226174253394016
2022-10-05,2022,277,"pasto_remoto",0.687009033233232,70.4539818132477,147.718231232154,16.1815805319221,2145.47224876836,0.317818485715854,0.323055396289945,13.4577452651617,443.327917985456,2.04357378275596,0.336180195219931,2.79017734401169,0.595732973875963,0.00918132001919425,4603051.17023517,0.421349736268007,-0.0851695410480756,0.861059274408437,-0.174050241175205
2022-10-15,2022,287,"pasto_remoto",0.736349211448295,91.9427610994328,169.747901841243,17.0814815601213,2250.45621568772,0.349227735331473,0.351424120757065,10.2170476988853,383.970183626228,2.04357378275596,0.360324260206185,2.28756841674576,0.488420543868832,-0.0412035855556345,5064553.1787275,0.438095157455624,-0.077770897249439,0.895279778128656,-0.158930566680361
2023-04-08,2023,97,"pasto_remoto",0.952641207592167,NA,NA,12.456741587321,22.2882871935704,0.348395209642326,0.359784373697245,19.5873554797844,NA,2.06656421903233,0.46097827438348,1.31522929068378,0.451199901646673,0.190117957390118,496.767746023075,NA,NA,NA,NA
2023-07-22,2023,202,"pasto_remoto",1.84835766786642,24.1307788238122,196.802631284921,17.7446081677323,1088.67679727583,0.253047685203312,0.265080134073893,20.3942836999102,612.804409396226,2.06656421903233,0.894410950718927,2.86278842580884,0.982102410058583,0.0998531578141001,1185217.16892675,0.855356049142196,0.0390549015767314,1.76764820569012,0.0807094621763025
2023-07-27,2023,207,"pasto_remoto",2.06656421903233,36.8238488644638,203.259253115179,19.1053367454801,1149.94215929364,0.285439939119031,0.267398803738928,20.0012141761006,584.671184773585,2.06656421903233,1,2.91495916972454,1,0.138937188928963,1322366.96972091,0.843647691138779,0.156352308861221,1.74345213197664,0.323112087055691
2023-08-11,2023,222,"pasto_remoto",1.95045790572142,40.1441949584047,160.814958530973,21.2858642306218,1345.24279526525,0.235918159005027,0.247130858823188,24.949149163522,617.959301044025,2.06656421903233,0.943816740732464,2.81709917071177,0.966428346568566,0.164315789827841,1809678.17821306,0.754899820414898,0.188916920317566,1.56004895782336,0.390408947898063
2023-08-21,2023,232,"pasto_remoto",1.64076477124168,48.872787514328,73.0035663381402,22.9323120820947,1504.92651350074,0.236081705153363,0.241760226915467,20.1682611230907,612.879523836478,2.06656421903233,0.793957795325603,2.62126862465868,0.899247115322848,0.131478986115356,2264803.81103748,0.617005272934268,0.176952522391335,1.27508102000023,0.365683751241449
2023-09-20,2023,262,"pasto_remoto",1.47636068445689,178.305491990818,227.178279505146,18.8153360538763,1937.33036667926,0.352468470607414,0.359008665604661,15.3257786028751,472.747637647799,2.06656421903233,0.714403487131022,2.58897143389067,0.888167306348693,0.227928115095392,3753248.9496576,0.6214697781312,0.0929337089998212,1.2843072066959,0.192053477760993
2023-09-25,2023,267,"pasto_remoto",1.48390546362485,186.597897427978,234.313240969851,18.1994674954525,1988.08530087421,0.359634063528769,0.368058861426587,14.7846116526842,459.646557669418,2.06656421903233,0.718054367707815,2.23023391332231,0.765099537752036,0.12760632952698,3952483.16355211,0.626008300649217,0.0920460670585989,1.2936863549389,0.190219108685951
2023-09-30,2023,272,"pasto_remoto",1.47007278936866,154.651673506837,231.531600468408,20.646679558744,2058.45863649861,0.320696530851928,0.332194905610954,17.5183827543555,472.507469603381,2.06656421903233,0.711360806419566,2.18530465125524,0.749686195934521,0.136792300345337,4237251.9581757,0.587495019677366,0.1238657867422,1.21409618652494,0.255976602843719
2023-10-05,2023,277,"pasto_remoto",1.42350927219396,98.7381046346794,218.742106202125,18.9037397556585,2129.64973063119,0.305932726750084,0.312988544660044,15.1880486672282,467.291414266116,2.06656421903233,0.688828955366564,2.12155918799634,0.727817806174219,0.14126615231745,4535407.97517752,0.560916698160789,0.127912257205775,1.15917037827684,0.264338893917115
2023-10-10,2023,282,"pasto_remoto",1.285775642807,94.9340266095023,217.867338102855,18.1075169089456,2203.00719850249,0.275745877679789,0.290954826762841,15.9796782285455,451.927410338419,2.06656421903233,0.622180346957263,2.06590286506735,0.708724460542814,0.150032999048681,4853240.71665378,0.571609492883524,0.0505708540737392,1.18126772525231,0.104507917554695
2023-10-30,2023,302,"pasto_remoto",1.60793201589948,164.692977476818,319.344650983655,12.3876212801823,2393.24409546123,0.41447867187564,0.421089897615605,7.24885171428571,341.000288068372,2.06656421903233,0.778070190653158,NA,NA,NA,5727617.30046003,0.662368886652873,0.115701304000285,1.36882784095711,0.239104174942371
2024-04-12,2024,102,"pasto_remoto",1.34030019922009,NA,NA,14.8686122638375,81.4188815350805,0.366772191829402,0.377599980596226,19.4376937610063,NA,2.05136538743485,0.653369803073493,1.33670385238718,0.346808331572804,0.00378716421076297,6629.03427042348,NA,NA,NA,NA
2024-07-31,2024,212,"pasto_remoto",2.05136538743485,37.7755783382664,131.75575586147,23.4404421576414,1100.65509383724,0.250804751174255,0.253166134252488,23.5776714869721,662.86740027673,2.05136538743485,1,3.85430144173617,1,0.159556699695026,1211441.63558986,0.796142419217658,0.203857580782342,1.63317900225175,0.4181863851831
2024-08-05,2024,217,"pasto_remoto",1.63349052859212,29.5366927009588,129.75071548222,20.2998308209753,1169.33278232791,0.213975114642449,0.231972844345765,21.9261311626235,669.538948320755,2.05136538743485,0.79629428213895,3.79761644445189,0.9852930555274,0.164553593057362,1367339.15582672,0.764818558208426,0.0314757239305241,1.56892231797659,0.0645682106155321
2024-08-10,2024,222,"pasto_remoto",1.53096310901653,26.1966723282585,104.402225765012,23.3434824977531,1245.37685807186,0.195648429278808,0.21705656431506,21.5232363584906,650.07513909434,2.05136538743485,0.746314195605562,3.7174244042756,0.964487199683346,0.162374642942621,1550963.51862095,0.698882042770377,0.0474321528351845,1.43366243243891,0.0973006765776172
2024-08-20,2024,232,"pasto_remoto",1.39116025103685,32.8239856433021,92.9134660129988,17.484451072421,1382.89982042613,0.25417041378701,0.244367781425172,18.1740164285714,624.868299861635,2.05136538743485,0.678163071073573,3.60762633469839,0.936000048058862,0.168231918851371,1912411.91333462,0.675568853900487,0.00259421717308617,1.38583856372049,0.00532168731635796
2024-09-14,2024,257,"pasto_remoto",1.56809845624923,146.178251854235,186.292442734965,11.5295679368313,1663.75302525327,0.367657711420919,0.370546347440164,11.7750889541779,464.179996748428,2.05136538743485,0.764416941932549,3.14138687864423,0.815034040832363,0.133884438006111,2768074.1290394,0.638458734397919,0.12595820753463,1.30971214904935,0.258386307199876
2024-09-24,2024,267,"pasto_remoto",1.49936784375365,175.189300763368,216.529151528686,14.7101835318832,1755.57379869985,0.396345952271915,0.394015785533177,12.9287348960018,408.876332668239,2.05136538743485,0.730912129520011,2.74153857506569,0.711293243797447,0.0738000355723906,3082039.36268143,0.672150447025491,0.0587616824945197,1.37882616217695,0.120541681576694
2024-09-29,2024,272,"pasto_remoto",1.20711094097663,158.290404597691,235.546541667056,13.0623853055686,1801.23862291972,0.387616703345341,0.392991640282877,12.7116057945305,385.894592134827,2.05136538743485,0.588442677433529,2.58118116797667,0.669688452497888,0.0567945569087038,3244460.57669774,0.684386063549758,-0.0959433861162287,1.40392588240876,-0.196814941432129
2025-04-07,2025,96,"pasto_remoto",1.09097803368107,NA,NA,11.4365432691274,35.1617146402037,0.372255801154882,0.379558347805991,16.5839902893082,NA,3.28068730142545,0.332545571535283,1.3206132081861,0.271415411454267,0.0267514094672719,1236.34617643911,NA,NA,NA,NA
2025-04-09,2025,98,"pasto_remoto",1.28687889771664,NA,NA,13.8185129009703,52.8699333854693,0.353698496548635,0.36341492035104,18.3883409559748,NA,3.28068730142545,0.392258932193109,1.3288048653809,0.273098979356086,-0.00439816686080013,2795.22985618396,NA,NA,NA,NA
2025-04-29,2025,118,"pasto_remoto",2.0042716210721,NA,NA,15.5629968487242,165.40015508064,0.376426862720673,0.388757699190696,18.8871893378257,NA,3.28068730142545,0.610930404796961,2.37418290943568,0.487947437779503,-0.106442365336073,27357.2113006998,NA,NA,NA,NA
2025-05-29,2025,148,"pasto_remoto",3.00888158475831,129.313006305361,NA,19.4213221991837,393.558576235183,0.31439423711045,0.33004042037628,25.1897594519317,603.27475,3.28068730142545,0.917149764151845,4.86565298967416,1,0.0770801517682959,154888.352928264,NA,NA,NA,NA
2025-06-18,2025,168,"pasto_remoto",3.28068730142545,83.2414401353313,253.763110826557,21.3345577695835,644.269452999925,0.323246835912548,0.336091566385713,23.0100476621743,643.104744849057,3.28068730142545,1,4.69893971995043,0.965736711993739,-0.0167030298445285,415083.128068822,0.910923794968638,0.0890762050313619,2.9884561267199,0.292231174705559
2025-06-21,2025,171,"pasto_remoto",3.24585549257711,81.2408983030927,230.694002175389,22.3657434075634,699.439565816917,0.29716521089182,0.310305154548501,25.2861784564241,664.277698477987,3.28068730142545,0.989382770850117,4.73453404849618,0.973052138848323,-0.00802260586778092,489215.706230158,0.906786983249364,0.0825957876007535,2.97488454104408,0.270970951533026
2025-06-28,2025,178,"pasto_remoto",2.94891554444709,89.491152788319,218.80415909368,21.8803398388237,808.266629604126,0.279748448785746,0.2852780968888,24.3851447906559,658.645395849057,3.28068730142545,0.89887126492238,4.59928335905524,0.945255111454885,-0.0246335524209305,653294.944531613,0.912493964566631,-0.0136226996442512,2.99360736218112,-0.0446918177340279
2025-07-01,2025,181,"pasto_remoto",2.58423208778094,76.4854487995271,211.248008133766,23.7382351601399,866.139001984668,0.242521551919933,0.261047383274422,27.2705210799641,682.373649698113,3.28068730142545,0.787710577188535,4.59016162932078,0.943380392942525,-0.0188386628851372,750196.770758997,0.926385019234059,-0.138674442045524,3.03917956883195,-0.454947481051011
2025-07-16,2025,196,"pasto_remoto",2.06262689628609,47.319245215911,143.969615064596,19.9013947164988,1070.83151130197,0.293161482181189,0.284459343496359,20.1432411293801,712.625148974843,3.28068730142545,0.628717919988863,4.21905446464983,0.867109609666671,-0.0405360447628703,1146680.12559725,0.779987375605508,-0.151269455616645,2.55889467842116,-0.496267782135069
2025-08-07,2025,218,"pasto_remoto",1.6270716277759,59.9405470375986,103.128254311113,22.059755191763,1342.56480366849,0.224868874379924,0.242429696788828,23.4775903755615,611.194576044025,3.28068730142545,0.49595449925049,3.92219860230148,0.806099121870205,-0.010826764780215,1802480.25204941,0.696140874806629,-0.200186375556139,2.28382052798131,-0.656748900205411
2025-08-10,2025,221,"pasto_remoto",1.57675757535447,48.695298498886,98.8877422692881,24.6442541310373,1395.10710349813,0.199484731166368,0.224841056879711,24.6319609209344,606.689323886792,3.28068730142545,0.480618062766716,3.9706307029659,0.816052996667114,0.01030280742755,1946323.83023094,0.658149564567229,-0.177531501800513,2.1591829189144,-0.582425343559932
2025-08-15,2025,226,"pasto_remoto",1.28629919458524,36.2733038274502,83.5925490433611,28.343155289496,1499.20760880716,0.179029992541427,0.205633170949588,22.942228245283,626.671550339623,3.28068730142545,0.392082230460168,3.64918809496062,0.749989385331196,-0.0379846491688687,2247623.4543053,0.575417691132743,-0.183335460672575,1.88776551231475,-0.601466317729502
2025-08-25,2025,236,"pasto_remoto",1.10941048193928,56.9064175976831,115.06619769449,22.6893734746009,1642.65594475465,0.287351818204676,0.285291994142832,16.6644502273136,607.766174981132,3.28068730142545,0.33816404308245,3.28216624163574,0.674558224476987,-0.0801302913565868,2698318.55283778,0.57368285134081,-0.23551880825836,1.88207404543934,-0.772663563500058
2025-09-06,2025,248,"pasto_remoto",1.14210366132133,85.4676808166783,145.408227854277,22.4905768644385,1790.46538748751,0.30668707713641,0.31265408987769,17.1471732955975,541.756812823899,3.28068730142545,0.34812938765151,3.07976114308275,0.6329594711375,-0.0817801880693207,3205766.30379082,0.529264330711328,-0.181134943059818,1.7363507688621,-0.594247107540769
2025-09-14,2025,256,"pasto_remoto",1.1941089521632,104.011269919884,140.284573747334,17.6603400936167,1878.90688775661,0.32754767715806,0.320663962973989,11.4781586415094,446.083914880503,3.28068730142545,0.363981337582634,2.93392732915182,0.602987376078437,-0.0821345719410211,3530291.09285922,0.489240563335788,-0.125259225753155,1.60504530347796,-0.410936351314759
2025-09-26,2025,268,"pasto_remoto",1.32251554447428,105.749965912904,169.575418301178,11.9461723687514,2001.76934641633,0.360353685774893,0.361096343154427,11.9123265714286,418.135790792453,3.28068730142545,0.403121487347987,2.84588994850756,0.584893734622481,-0.0478261540750633,4007080.51625204,0.513127696968392,-0.110006209620405,1.68341151945389,-0.360895974979609
2025-10-06,2025,278,"pasto_remoto",1.13973691860273,84.4873271114971,169.955007928175,11.9895632066067,2089.57329278143,0.330185934182733,0.320404614042686,13.3494104107704,388.572122396226,3.28068730142545,0.347407970917411,2.61663485463668,0.537776709557726,-0.0433154276738287,4366316.54590541,0.479148167500235,-0.131740196582825,1.5719353086193,-0.432198390016566
2025-10-14,2025,286,"pasto_remoto",1.12161020385487,66.6058051764564,170.61707509634,15.0122142631803,2164.65053057961,0.288388564151788,0.294351003454916,12.3742658168127,400.259202024416,3.28068730142545,0.341882691278604,2.38077520611968,0.489302301494196,-0.0462151100639861,4685711.91953858,0.489457151700759,-0.147574460422155,1.60575586217655,-0.484145658321678
